Seller ID,Original Seller ID
1,0015a82c2db000af6aaaf3ae2ecb0532
2,001cca7ae9ae17fb1caed9dfb1094831
3,001e6ad469a905060d959994f1b41e4f
4,002100f778ceb8431b7a1020ff7ab48f
5,003554e2dce176b5555353e4f3555ac8
6,004c9cd9d87a3c30c522c48c4fc07416
7,00720abe85ba0859807595bbf045a33b
8,00ab3eff1b5192e5f1a63bcecfee11c8
9,00d8b143d12632bad99c0ad66ad52825
10,00ee68308b45bc5e2660cd833c3f81cc
11,00fc707aaaad2d31347cf883cd2dfe10
12,010543a62bd80aa422851e79a3bc7540
13,010da0602d7774602cd1b3f5fb7b709e
14,011b0eaba87386a2ae96a7d32bb531d1
15,01266d4c46afa519678d16a8b683d325
16,013900e863eace745d3ec7614cab5b1a
17,014c0679dd340a0e338872e7ec85666a
18,014d9a685fd57276679edd00e07089e5
19,0176f73cc1195f367f7b32db1e5b3aa8
20,01bcc9d254a0143f0ce9791b960b2a47
21,01c97ebb5cdac52891c0ed1c37ba0012
22,01cf7e3d21494c41fb86034f2e714fa1
23,01ed254b9ff8407dfb9d99ba1e17d923
24,01fd077212124329bac32490e8ef80d9
25,01fdefa7697d26ad920e9e0346d4bd1b
26,0241d4d5d36f10f80c644447315af0bd
27,0249d282d911d23cb8b869ab49c99f53
28,024b564ae893ce8e9bfa02c10a401ece
29,028872bfa080090a9d0abd4f1af168f8
30,02a2272692e13558373c66db98f05e2e
31,02b72cdeb9cfcc429f1af6f4e3f3b737
32,02c988090b766852e088c69d7fb3b551
33,02d35243ea2e497335cd0f076b45675d
34,02dcd3e8e25bee036e32512bcf175493
35,02ecc2a19303f05e59ce133fd923fff7
36,02f5837340d7eb4f653d676c7256523a
37,02f623a8eb246f3c5f7c2f96462654e6
38,0307f7565ff85b299b6e5ef162b1b1a9
39,0336182e1b3e92f029d5354832045fdf
40,034b9387752bfa309f350a70cd45ffa3
41,038b75b729c8a9a04b0d07cba7eabe86
42,039b29ff3b3473435d0cd59040575de9
43,039e6ad9dae79614493083e241147386
44,03a2a6dcbe45d639c4dc2a0d24769c40
45,03bd479e1d9484cdb14104d3023f7321
46,0417b067eeab773d2f7061a726dc477f
47,042573af89b6d931f672efaf789d8358
48,04308b1ee57b6625f47df1d56f00eedf
49,0432ead42b6c8a0bdf68154add917fdf
50,044668ccd5316b12a7cf0d54a156e3e9
51,04843805947f0fc584fc1969b6e50fe7
52,048c2757535328e0d7dac690ad3c0aae
53,04aa0a1c5ce6b222003403a3e11c3cc0
54,04aba03279157f6d4e0fe8ccaf21963c
55,04e38a233f726ef161074ab1c9b0399a
56,04ee0ec01589969663ba5967c0e0bdc0
57,04fdea0c111866e6cf812f1570d6b5bd
58,0509040ea3fe50071181bbc359eb7738
59,052577151711aec5c744fe12e66db3e1
60,054694fa03fe82cec4b7551487331d74
61,056b4ada5bbc2c50cc7842547dda6b51
62,0570350b23eda5444f8d1d9544932058
63,05730013efda596306417c3b09302475
64,058cb5aeb36d7c0fcae20fc85d5e0a59
65,058fd0aa2bfdb2274e05e1ae971dabb6
66,05a48cc8859962767935ab9087417fbb
67,05a940b4ecae36cadfd8e93bd9c43257
68,05aebce0b5c8f0d41b29b686f2d05fd3
69,05ca864204d09595ae591b93ea9cf93d
70,05d2173d43ea568aa0540eba70d2ca76
71,05e107217c7266362fd44b75b2cd4cc4
72,05f51e13da97139648b8125c31e5f51b
73,05feb94f19d094d4b0f9281f0b1d4c99
74,05ff92fedb5be47920fea08e501238b9
75,062c325cd6a2b87845fab56b4ec2eeae
76,062ce95fa2ad4dfaedfc79260130565f
77,06532f10282704ef4c69168b914b77be
78,06579cb253ecd5a3a12a9e6eb6bf8f47
79,066a6914e1ebf3ea95a216c73a986b91
80,0691148aee60ca47977c187804f935ae
81,0692610d8abe24f287e9fae90ea0bbee
82,06a2c3af7b3aee5d69171b0e14f0ee87
83,06bb3a2fe5e7b7a845b13e8fb91bd944
84,06df0c10d34e459d9672bc77388742eb
85,06e5eefc71ec47ae763c5c6f8db7064f
86,07017df32dc5f2f1d2801e579548d620
87,070d165398b553f3b4b851c216b8a358
88,0725b8c0f3f906e58f70cbe76b7c748c
89,0743a0239d764b9a0f959a57d07e36ab
90,0747d5bb69f0586cc869d8af4c50f93e
91,0761743cbffb25d7148189e9f1a5f03a
92,077c5fae4bea9500e3737b16f71b9d3a
93,0791d9fc1e30678ecf03d3e55fa108d3
94,079d295dcbf06ee8bb1b65ba964eb2b6
95,07a9bc7f61396b658ddf3ac534efe44c
96,07bf9669d84d1f11be443a9dd938f698
97,07d75e33f2750d97d467fb57e4dfdd8a
98,07de60b03d150fb3ea09eab5da5e4c8b
99,07e8e8fc5222bb358e6f259da3197074
100,080102cd0a76b09e0dcf55fcacc60e05
101,080199a181c46c657dc5aa235411be3b
102,08061dc0fc165ed41288cc7acde738ee
103,08084d990eb3f53af056ccbc1730c8a7
104,081acf3de680d554796c9cf041be7bc2
105,082e0bf4cb865a6533b1e8e498cc0255
106,085f6f7e049c996695fb2074fe38d45e
107,08633c14ef2db992c11f840f04fad4cd
108,0873d9f8f36123f8d910f4760e788cfb
109,0885aaf116795758dfeb5f1032487bcd
110,0887a9f087bcd5d9f6642b52f897fc6c
111,08ad4ac1388e4420ca531c3edfc46198
112,08cdbae123ff67ca4e36d9d641ce0119
113,08d0949a9a17c027262db1f3c450c26c
114,08d1c9478fb0d7d7fcac9c0da4e82fc7
115,08d2d642cf72b622b14dde1d2f5eb2f5
116,08f5819815f3d06545011850bd70f0a8
117,091065b789659bc3cd9af9cb3a6253ff
118,0936e1837d0c79253456bbb2ffaaef10
119,093805f8f2aeb63881444571e1f48f30
120,094ced053e257ae8cae57205592d6712
121,0951a6e282947e09cd47969f4ed0b47f
122,09883d9ab71c8fe8a9bfc7fc3075b07e
123,099095b050cfe8eb1ddff5317587e96e
124,09bad886111255c5b5030314fc7f1a4a
125,09f952a5f58d2285b0372551ae8f9b01
126,0a198e95d32b1be2da9424c962a6ebfa
127,0a82f5fb06a4fe4ac2cf7cb412ec71b8
128,0a85ebe4e328db81ac9109781205e2f7
129,0aa124728afc1131dff5655f4c6f487b
130,0aa2205ca24f113f4658a5c536667426
131,0ac4201fda2c68ebc0e47cb9423cf3c9
132,0ad80de75c811326389cfb1daba7d45e
133,0adac9fbd9a2b63cccaac4f8756c1ca8
134,0ade5cc4a305ed7093a23f68ca47519c
135,0aea4c6ae1505b3228ddf3dd7822ee5b
136,0af2ab31141893d26aca5a404a537dab
137,0af977692321d895349eded183341d28
138,0afccdb8a34ee5c79f7c06faf2b4d56e
139,0b09101900100c0e9d312861fad5a1b9
140,0b0ddbc7b9d9584f442c7ac92b0ff6c9
141,0b18d63d0cd1d723567903fd34a07df2
142,0b1ca3ef18a63d7eb0c8897fa0849c08
143,0b35c634521043bf4b47e21547b99ab5
144,0b36063d5818f81ccb94b54adfaebbf5
145,0b3f27369a4d8df98f7eb91077e438ac
146,0b46f784306be7200ca1700aa55d819f
147,0b64bcdb0784abc139af04077d49a20e
148,0b90b6df587eb83608a64ea8b390cf07
149,0bae85eb84b9fb3bd773911e89288d54
150,0bb27263628258b8111a0262769fa9db
151,0bb738e4d789e63e2267697c42d35a2d
152,0be8ff43f22e456b4e0371b2245e4d01
153,0bebbb2cea103a4a020c95d43fd7d754
154,0bf0150d5b9d60d9cd2906003332f085
155,0bfd0b434243adc5c2e1aa6baf19c6aa
156,0c7533c71df861ec58ad7ff999ed0e8d
157,0c7f30ae9b147eca07affbef92832a6a
158,0c8380b62e38e8a1e6adbeba7eb9688c
159,0cab2da43793a6f3c5ed8514c5f54627
160,0cbcee27c791afa0cdcb08587a2013a8
161,0d33a55da925bbf1ff02af5f6059fc7f
162,0d4c8269e7f0401201794deef160edd6
163,0d83f8e03188682112cc0d93523705cc
164,0d85bbda9889ce1f7e63778d24f346eb
165,0daf5180aa44356f60f8effa533b55a2
166,0db783cfcd3b73998abc6e10e59a102f
167,0dd184061fb0eaa7ca37932c68ab91c5
168,0ddefe3c7a032b91f4e25b9c3a08fca1
169,0df3984f9dfb3d49ac6366acbd3bbb85
170,0dfbed20065e425d2eaefb101f9816c0
171,0e44d110fa6a54e121cb2c095a77762f
172,0e72c1a751b496722a6cb1f10653b62a
173,0e982cff76cc0579f632cea8a0e38c9d
174,0ea22c1cfbdc755f86b9b54b39c16043
175,0eaa7e33d73809f1f925f7d07c506cbd
176,0ebd97a106433a45a4aebe57c1799778
177,0ec28cec4046a4a199b6de9b4c891d97
178,0ed6ce5d87fd9c69eaacaeb778d67235
179,0ee4fb99ac55ffbbc98795aa01b7f8fa
180,0ef83d7d83ed97cd2a0049ac8be5f88a
181,0f0c984a4a955310903b6b6008660bad
182,0f519b0d2e5eb2227c93dd25038bfc01
183,0f7eea709efdf942b5f95c7516dbacd7
184,0f80a40c312b2472dca482cf50f5186f
185,0f94588695d71662beec8d883ffacf09
186,0fe2d9733ed841eb064503920015a8c0
187,0ff83046c3fa22efee8ecf291888b191
188,0ffa40d54288e4f3499b8780dd0f144f
189,10076e5788b8ee532724bcd460baf762
190,10089e9f2fd0c668a8fd4e52e1698888
191,101921376b577a4540dc30e9009133ca
192,101a3a003516bc11253298b2fad3cb65
193,1025f0e2d44d7041d6cf58b6550e0bfa
194,10264f60a8f0a4d2f30810f5c661c673
195,1099a00e0ee3a50935e6c2447ca090c5
196,10cdd491d1dbea8fb4ead97b19c334ce
197,10ff823eda2b032e2c93d17a7d294736
198,112453736dbe3889cfb74e1aaa0ba0c1
199,1127b7f2594683f2510f1c2c834a486b
200,11305281b50fff20ae8bb473f8e11876
201,113e3a788b935f48aad63e1c41dac1bd
202,116ccb1a1604bc88e4d234a8c23f33de
203,11742f81550ac064cc9a40f67151d9ad
204,117cfc326c6d50da67ca858ff5c0c852
205,11938fcc75f6902fea1d0a6f72b54a57
206,119c7f1a00ef43fad0e57604e76a747c
207,119d1aef1b4144adba89163f6cd9f5d4
208,11bfa66332777660bd0640ee84d47006
209,11d4c477d09821164bca4f70a2eae031
210,11eac105f3f90a9b87b19c89d91e24f3
211,11fb6f6d341adbe19e81733701704635
212,120476eb7a04c149d14772edaf5d9bf2
213,1284de4ae8aa26997e748c851557cf0e
214,128639473a139ac0f3e5f5ade55873a5
215,128f9bfbe4c7d5185033914b1de3d39a
216,12a8eb0f8d1cd3270695bf2a99f55966
217,12b9676b00f60f3b700e83af21824c0e
218,12c2ed9cded6138cf0c75f525f565fc7
219,13074f016982ff2bd6c58ced8682f000
220,131fcb0a0c9a47bba4474aacff0f14b7
221,1336efc61c316ddf92c899eb817f7cae
222,134285d1f41da5c13a756ee8142c8a4e
223,134a288e7de827ec5ec62e3ec9c3a295
224,134b867a0f7f8bbe6abf10f91874891e
225,13511db12ac61e2f89c53b72a944a60b
226,1352e06ae67b410cdae0b2a22361167b
227,1354d51653f645349064725ed204e85e
228,138dbe45fc62f1e244378131a6801526
229,139157dd4daa45c25b0807ffff348363
230,13c2ed7698b3ca92dad49e849219da59
231,13d058e4eeac2ce8217660b2f8a05812
232,13d95f0f6f73943d4ceffad0fc2cd32c
233,13dd308f81fea30cc670c656b2b46cc3
234,13e85aac53340018b40c2af68001b7e0
235,13f57c12a00ed4610db646b913a7f5c6
236,13fa2a6c6b9d0f43cb588d7c82117a12
237,141440cad9341e553f8401c574a2aa38
238,1430239a858e7682bbc43b20758af153
239,1444c08e64d55fb3c25f0f09c07ffcf2
240,1464afc72f696af775557a821c2e253f
241,14a08204d03bb6b6bde8029f801ae0eb
242,14d7985702e72162bbf13b6beb74ab2b
243,14ee35374a7876217954b5fa08e50463
244,14f2b3587172b9db894c9bad8dab520b
245,152ee17e4c8aaf53dac99f3462e4999b
246,154bdf805377afea75a3bd158e9eab10
247,1554a68530182680ad5c8b042c3ab563
248,157c3e4b42f81ac4a44e8b1ca2fe9876
249,1588ac4010787100dddef64568f0ae35
250,15aac934c58d886785ac1b17953ea898
251,15ac3c501e2599e4917316fde5c5669a
252,15aec03fe4cf30dfa574cf550f5ff5ff
253,15b3b1b81484422eb41df68ac87f1f50
254,15cd6eefe58588619aaed41dfa6621b1
255,15ead3a5037a918ddb520dfe39a3d2b9
256,15fa791d5e017f66402dc28c44480657
257,160851d3ece7aa1a510f8d1a4bb8a8af
258,16090f2ca825584b5a147ab24aa30c86
259,160e4f13fd3a64b1b86807be88b5ffb0
260,164a5a8794e6d42e14f55e447b12a3bc
261,165b1235e9e9942cb5fae67103576fb0
262,165fc07beebdcb6190fba8a06db2a449
263,1660ad786c27fd935378b6192a90b417
264,166e8f1381e09651983c38b1f6f91c11
265,167fd940acebc789debd6eb418c46e38
266,1690cada046eb7e92c12f98b1f8a8167
267,16bdc8cefd0e32a6f0824d296c5ad14a
268,1703bc09972dab9782e7a9194943b69f
269,1710c3aaa9c6b44ec3883ee0fe300e21
270,17306570e772e7718c92a562d33f5f1d
271,173d56ffbd4c56cb80fc3615487d712b
272,1746c1ae87ac63d530c7c943d0ac42e2
273,1771297ac436903d1dd6b0e9279aa505
274,1782ce2db72c3dda627d5e7c898104e1
275,17908cf9b444ee34047cadd5c0f4a516
276,17998cf586426bf0f2c3726cb0a4b211
277,179d859f51292aac5c10806a356f7af9
278,17a053fcb14bd219540cbde0df490be0
279,17adeba047385fb0c67d8e90b4296d21
280,17ca9b9e9b9ef8fdb529001b49ebb50f
281,17e34d8224d27a541263c4c64b11a56b
282,17eea220a40cc0d2c0c5346379682398
283,17f51e7198701186712e53a39c564617
284,180c3376aff0e43dd5788709df48a843
285,1835b56ce799e6a4dc4eddc053f04066
286,1838dd9b8977065acf51d95e0053ea7a
287,184725737946a1a938bbbd1a9e978103
288,184a67a8f9f63234d3a92340bbdb727f
289,186cdd1b2df32caa72cfb410bba768d3
290,189ca3538ce9f920cacf0f982cbe223b
291,18a349e75d307f4b4cc646a691ed4216
292,18e694e0e48ed6f7aa3f24aade5fd697
293,1900267e848ceeba8fa32d80c1a5f5a8
294,191d55f7edb8524d525ed01b20fe32e8
295,1927cdb9fa74f5270097f6250e8e8f34
296,19484c79cef6c062cb177aa4ef2fcc3c
297,1961c3e1272bfeceb05d0b78b5bbfdaf
298,1967a9e2ad6f51802b093147d861df58
299,1976a05ecf2996d6ffb7b5430e635fe7
300,1987cd4be10fe09ee50454f9c354d1c6
301,198c7ea11960a9844b544d9bcdca860c
302,1992f8fb6b19fcccd97ca819811e7267
303,1996942dc085d7773ba77a529b163cd0
304,19a7c9f66ffa6452ff4b4c0cca71da27
305,19d62d484cba71963c93f0f00ab42013
306,19e0f40a907ec568c34bfac15de4f4a1
307,1a3df491d1c4f1589fc2b934ada68bf2
308,1a6245add4353f18ed55138808906979
309,1a8e2d9c38b84a9702ac7922924b0573
310,1a932caad4f9d804097d7f8e615baed1
311,1acde099eb406aa220b1169b188b42da
312,1b0b0f4f95e962d6f32fe90c759d0479
313,1b1ae47a313a825a7ccceb8e2e30fa9d
314,1b45169b635ef59425637e9a33eb5fb3
315,1b4b28463457a256e9a784ebe2a8f630
316,1b4c3a6f53068f0b6944d2d005c9fc89
317,1b61fb1f0f2185d89e9a126c498e9cc7
318,1b65c144b17e607c0f37f10bb7dfec8d
319,1b7e5006cb25dd23ce8686691013b121
320,1b8356dabde1d35e17cef975c3f82730
321,1b8b75e227c9a9c100d0c210fb6176ce
322,1b938a7ec6ac5061a66a3766e0e75f90
323,1bb2bdb95f4841f1bba2c0d2cd83d3c9
324,1bb3812d5f0747a3ab7348f199001a10
325,1bc2e21de46adfea6b98cc96b00f3b40
326,1c129092bf23f28a5930387c980c0dfc
327,1c40343cc5d18c2d8248ac2f3366de34
328,1c56ffe0e9dea2657fc6e95b53f40b13
329,1c5e4e49b9079480255b49d50aac1aa9
330,1c68394e931a64f90ea236c5ea590300
331,1c742ac33582852aaf3bcfbf5893abcf
332,1c83418358f249c9d6affa52d579db0e
333,1ca4bdb0cd7fc48e949bac066188ed26
334,1ca7077d890b907f89be8c954a02686a
335,1caf283236cd69af44cbc09a0a1e7d32
336,1cbcd2ee0afb3fc09963b87eb65e7e4f
337,1cbd32d00d01bb8087a5eb088612fd9c
338,1cbd50a8c52e6cf8e315c5709fab386f
339,1cbdc7cf130a41fd13a3c2a7d2fcfda7
340,1cd9e0cc1839d55516843def5600816d
341,1ce3ae5a399804d1a87e706f8a813c3e
342,1d0646a72178a6fb37ee8082140e06ec
343,1d0997ff06b524ce9289ffd75114ecd3
344,1d139e3a3b14025640d8df1b230aace0
345,1d1bbb8ac1581824986f582583fff01d
346,1d2732ef8321502ee8488e8bed1ab8cd
347,1d29dfba02015238dfbe2449a5eaa361
348,1d4587203296c8f4ad134dc286fa6db0
349,1d503743d2526f03f0c2c89540ee008c
350,1d8dbc4f32378d715c717c1c1fc57bae
351,1d953075c2f0dd990bacf27b83b330f1
352,1da366cade6d8276e7d8beea7af5d4bf
353,1da3aeb70d7989d1e6d9b0e887f97c23
354,1dc2de47ee26a0a5b12dc14fd6dc0dea
355,1dcfa3835714681d4ba4a93bc1e0fd41
356,1dd33b8119b3cb1056ed5dc88cd0aaf4
357,1de62b6f2fd96227629786db492433db
358,1dfe5347016252a7884b694d4f10f5c4
359,1e26c56af8d48424e1df0140a2401f83
360,1e47d8b6546eb3a77b1acddcc9406242
361,1e47defeeadeca0e9a18fa5a9311e735
362,1e483cc5c76fef08d3ca05f9a8af7d01
363,1e8b33f18b4f7598d87f5cbee2282cc2
364,1e8c6a4c538f286aee9573239740a4b4
365,1e9d5a33694bddb76316fd1f54734d20
366,1eade46fba20122dc4aefb379f8c636b
367,1f1bb1f0859883505541bdd6606193e5
368,1f2eebc0e970fd3c463e4f5d9652687a
369,1f50f920176fa81dab994f9023523100
370,1f7dfad2cb384ea4d2d7e1ffbd78c407
371,1f7fd2a6fcd5a6fa5d8a4dabc72aaae0
372,1f867308a0ce13133a4e639ff4de0c02
373,1f9ab4708f3056ede07124aad39a2554
374,1fa2d3def6adfa70e58c276bb64fe5bb
375,1fbe10c70e30765ed1de86d9f7e98409
376,1fdc574883ef3b33ad41562d93f3a74a
377,1fddcb7b326905d3ad5efe82187db347
378,1fe5540d7c1c37a595fefbacd5570d9e
379,1fe61aa5494bd3ae92a2c13e067c810f
380,2009a095de2a2a41626f6c6d7722678d
381,2039c5e51785b5dde7cf93ccb3b7be2c
382,204b4e07bddef3c9b317f70189135b22
383,2059c39f76271d4ca3f15b5ffaccc8b8
384,20611af7866c6068fd5ae1f9dbe15c92
385,2063dd1b9f568df1c16741ea7d3e6adb
386,2075d8cd4dd63ff12df0749a5866bb06
387,2078fe5066350e7d220c0ad3a3bbc6c1
388,2089a6d640999f9b9141ac719b2af596
389,20a7efa9721046319bdde5d60b6b5365
390,20a8b0dc55da94fe74d112082427c84f
391,20b54c376b794ed028df09a3cd88e8dc
392,20cb7c2fde3e5bf10f0bbe7394e1c6a9
393,20d53aad4fe5ee93a64f8839609d3586
394,20d83f3ef0e6925fd74bfd59170babf7
395,20f0aeea30bc3b8c4420be8ced4226c0
396,20fd2d2080ed85fa67fad3fcbb2c1813
397,2138ccb85b11a4ec1e37afbd1c8eda1f
398,213b25e6f54661939f11710a6fddb871
399,213fafb0ca06fb3d5886579c2565791b
400,2156f2671501a81034d7d07f217609d0
401,217f005bb37ff3aeef5b2ae1788e75ba
402,218d46b86c1881d022bce9c68a7d4b15
403,218f991754f360af9c2daa5e0b8e990c
404,2199e7fe213c16213bf5d6a7eadc9a5d
405,21c62b998a043ebe31161d38f84929fc
406,21d59342ba150175ca2aa4f8faddeca6
407,21e83881401b92b49fb09a16d3852291
408,2235cf78d3e2073a88146a9cb60f0dd0
409,226b05fe067266c59c15dae208213d06
410,228e4c1a0be164f613d41c24345f9d2c
411,229c3efbfb0ea2058de4ccdfbc3d784a
412,22a23e5ac7061fc538cc2a019afaaf16
413,22c32ec35d0116ef02c281798a25bf8b
414,2305ab43e846518f58dd9d59f3f54e96
415,232a6014e7b10cba61c6c2b2ea6bb4b0
416,23613d49c3ac2bd302259e55c06c050c
417,236585a4ddb5fea9fa40233e2249ed91
418,2379bdc3888025689a9deb7b141507d5
419,238fac594e170b59c6d228f5a4f4f1d9
420,23a0ffca143a15b9b5bbdb7d552f626a
421,23c38debaffe4a25a30fdbd9b586a13f
422,23ca5f678e0b3ea6c630b30fa8bf51ea
423,23d7c96d4a1160db1c726b248601b25a
424,23ff42c4bf1f8f16cddb19d8b972974a
425,240b9776d844d37535668549a396af32
426,244b04680fdbded0acf5aebd9c92b44a
427,244c2f1bff6afe1f2eaf9bfe9b2aed38
428,247587846358bb1d2e4c6522020b36fe
429,2493dc3f20131696a0ecdb9948051a8d
430,249f0e9905a6e06ad6c6bea7547ab9f6
431,24a6daf925d9d591870a66660416de31
432,24c1de8d9551c0b4fbc53317d53efda8
433,2528513dd95219a6013d4d05176e391a
434,2528744c5ef5d955adc318720a94d2e7
435,252e76235acb79183cfca6e34f13337d
436,253c025bab43881055aeecde5e2d8b77
437,253f95b3a0e6983ae18aed49fbc2b845
438,257e61d3251fb5efb9daadddbc2cf7ca
439,258447aad3f7b01e2643c89f64dc5647
440,259f7b5e6e482c230e5bfaa670b6bb8f
441,25be943a321c8938947bdaabca979a90
442,25c5c91f63607446a97b143d2d535d31
443,25cf099de44674fde97473224f9d59ab
444,25debeafbce801fdd479539350185eee
445,25e47381a6c510ddeb36084e33b89f0c
446,25e6ffe976bd75618accfe16cefcbd0d
447,262237171f48e85819065498cac80d7b
448,2646baaf662d4d92ac48f047e35db92d
449,26562f211dd1364af2a8596dc945e8ae
450,265fdc289dffa9f1ad801c74f7d0de47
451,26785a546900236d66f2e4197c211158
452,269c5fc9fcadee614364c3620c30a1f9
453,269cff2d3c8d205c11f37a52402ea93b
454,26af45f5dfd967225a832838aa4e24a3
455,26b482dccfa29bd2e40703ba45523702
456,26bad72add1f86e08a776ce4ffdaf1ca
457,26d6bbee02420494d471c9f6436929c0
458,26d8a1c7c75d513045798992ead43aa2
459,26e13b6ff5b641b329e5524241ee2c93
460,26e2c91ef821e1ff8985f408788fe35b
461,26e2e5033827d2ba53929f43e03d8ffe
462,26f6b7ab07be3e9e69ce82a6552efc19
463,270297ead4c65a6cd2593960d2af6b21
464,270572bb714b00531be85e16e1550f26
465,2709af9587499e95e803a6498a5a56e9
466,270d3ef21830ad0ecf3a6c53d08a533a
467,271b8923c6a549e02d3c9fd1f8c0422b
468,271c58a1d139c45eaf3316107c6d3a3b
469,272f092de69afedd4d2969440b37f18f
470,2745f798279e0ed033addcc1474776d7
471,276677b5d08786d5dce7c2149dcce48b
472,278b6e0b20c4f61fefaa0577943d7a35
473,27a56ff04b34c2ba34ce6ba4d3b9d616
474,282c7480173bb9c01dd41cc739fec010
475,282f23a9769b2690c5dda22e316f9941
476,28405831a29823802aa22c084cfd0649
477,28872dc528e978a639754bc8c2ce5a4c
478,289cdb325fb7e7f891c38608bf9e0962
479,28a26ebce31d5918b181ede016fd693b
480,28c7d8743fbc8679f484868cc0fcaefb
481,28d162ab86bb49d719c32f0ee6186eaa
482,28ea411b354f14b1a494be4e79f0ce02
483,28f10b1c5e5abb9d4857745bede6147c
484,28fb0829fd777877cdc350d25cb5bd5b
485,293dee954235e4e4e43f129313625ebe
486,2953ce3a88f5e3c3b696d77fc9e4c8eb
487,296729ffb9b684050dd24836dac4494a
488,297d5eccd19fa9a83b2630071ff105e4
489,299c89a525fee36c567f4fe72f038100
490,29c322e3f09f886f8bacbe91dfbd979e
491,29e6e05b65f93bc224c644319dc52ecf
492,29fe9f200d3fa0c668d2aa1ec7e08dfb
493,2a1348e9addc1af5aaa619b1a3679d6b
494,2a167ca73899c85001a837d8fb4962f6
495,2a261b5b644fa05f4f2700eb93544f2c
496,2a50b7ee5aebecc6fd0ff9784a4747d6
497,2a5b78b41cd05baeac8df54c6606b92c
498,2a61c271b1ac763450d846849783e922
499,2a6fbeaa7ab9e5d59a35841a8da71ce4
500,2a73cba571d90c694b7caca072ccf6ce
501,2a7c6c0b0d5efde2bf75ec1e1cec2d41
502,2a7dc43cecabf23403078e2188437d1d
503,2a84855fd20af891be03bc5924d2b453
504,2aa3443d7bf9d9bb11133f420d75e083
505,2aafae69bf4c41fbd94053d9413e87ee
506,2addf05f476d0637864454e93ba673d5
507,2b03ac196f5ed62ac483960fe0fa3b65
508,2b1a40c1daabc6ca280c4b815c101841
509,2b2fed75b8e5ea3a052fc4c0825da485
510,2b3b9ce054da76a7428df143a567b156
511,2b3e4a2a3ea8e01938cabda2a3e5cc79
512,2b402d5dc42554061f8ea98d1916f148
513,2b5ed0c9139dae8883a200dfcb272ece
514,2ba91c7ad80ff88b23b7db823b43c233
515,2bd05d410a8fd26dc4184a15f4f2f588
516,2bdb95a56a36ebbc6640337ac5eac174
517,2be17df1c49978426251562096c3cc09
518,2bf28e311bba65237358230cabac3f15
519,2bf6a2c1e71bbd29a4ad64e6d3c3629f
520,2c00c85d30361cd2ced2969cffbbffa3
521,2c2c9832d1bb38c5b0034a3b47d313ee
522,2c3d56f92f360fb89d849b84e8f50eae
523,2c43fb513632d29b3b58df74816f1b06
524,2c4c47cb51acd5ea5db5e0ae0e26542a
525,2c538755f1ca9540af144f266e70df6c
526,2c54051840f19eca309a5423cf22df36
527,2c9005d8043aff18b8557ffb7b13cda4
528,2c9e548be18521d1c43cde1c582c6de8
529,2cb4700db635baa1c0d4f90ed27b6669
530,2cb6eb1b7185064167657fa09f541105
531,2cb98e27ce1c18abdb42209b34c382a7
532,2d20f1cd18725c91147da0791d498022
533,2d22fc3089eb907b29ebff50581fb472
534,2d2322d842118867781fc737e96d59a1
535,2d2c62bef4c8ba0dd74e0e228e808539
536,2d34636518ba88f5349b732fcf8ba2e4
537,2d378dbb39815785238c0139c7647fb7
538,2d42ebcda99fd55f6f4bc2f1ca035d50
539,2d50d6282f8aa2257819a77bfaa0efe0
540,2d518637f53161b973e01f56ea4bb88e
541,2d8cfba3fcd3170555941605edaa196a
542,2d9e8987a2ea5cf88dce330249043ff1
543,2dcf93836ae3ce0d7c93e2f10876467a
544,2dd1fb6f0e42a2243b8a01e40cd41216
545,2dee2ce60de9709b1a24083217181a1f
546,2e0dba2da448400b1c11d7b4b22f32a4
547,2e13c71026e1a39ba5cc1b86dcb679aa
548,2e1a7d075abe038c1b2743005fe42ff1
549,2e1c9f22be269ef4643f826c9e650a52
550,2e2f44824ab87a0cb961f68bf4073e7f
551,2e3be8a987a30d7544dbbda6861cc14e
552,2e7ea2aafec5835e781b21d6d1faf1f1
553,2e90cb1677d35cfe24eef47d441b7c87
554,2ea0861cc19e94cad86438c984c52da4
555,2eb70248d66e0e3ef83659f71b244378
556,2ec6e37d992a95eaddb3369dcbcc76d9
557,2ee0a0689f2f6a72f35a7cb6033f6e7e
558,2eeb6531ee027a48d401e72bebdd87d3
559,2ef086a599b597572aca4433b7ed6b3d
560,2f09f7d37a97956d11cc1a7cadd5262b
561,2f1e7b90e01d9f086cbcb301c0c3d406
562,2f3d8b4c9e2ee165075331fea3f3095a
563,2f4b0d3b9634b647d4edee577d7ebb7e
564,2f4b9d112bfa44a214bc6cef085d17c8
565,2f73e04d12cdf0c945ded66bb3fcf6c7
566,2f74af7a0ee5636f12c2336f9fffed47
567,2f9b7ce230a057a98a9f5df5893ee36c
568,2fa13c8bd5705d279f7ed5cc9ec61c68
569,2fb25ab44bdbeae6a4d816e0d0c9d500
570,2fdde51ad3e12f297da656d4fbd5d0b5
571,2ff6b7bff164ef05590a52734e1296da
572,2ff97219cb8622eaf3cd89b7d9c09824
573,3076499bbc033a927bf4a8a41bcf7fd4
574,3078096983cf766a32a06257648502d1
575,30829ded4523ab9224b93bc49a62c95f
576,3092c0b297aacfb4bb6e056ebe13b9b8
577,30a2f535bb48308f991d0b9ad4a8c4bb
578,30a81d8cf85fb2ada1b1b094c9583a95
579,30c7f28fd3a5897b2c82d152bb760c17
580,312ba1d77e9c332ef21f9598b7f64cd7
581,31344c16881c08a8a72c6d2eb29918c1
582,31561f325664a8a7aba4c8d0c3a9b3db
583,318f287a62ab7ac10b703ac37435a231
584,31ae0774c17fabd06ff707cc5bde005f
585,31be790e64fc99f8ff48ec2bd18a3104
586,31da954dc0855f2495c6310f70a2f931
587,31e60bf8d103ce47932a85f5562deb16
588,31eec405c9bb71dec8e2629a92e764fa
589,323ce52b5b81df2cd804b017b7f09aa7
590,324583d68897f5ddbaf38f6248322176
591,325f3178fb58e2a9778334621eecdbf9
592,327b89b872c14d1c0be7235ef4871685
593,3289d8c3eef4873f91ce0b1343c0dd58
594,328acb143b4a73aad6bee8e734f5d20d
595,3296662b1331dea51e744505065ae889
596,32b8764b4ef628b53608fc34011fcc13
597,32e5635e63cb374eb63afdd242fb6134
598,32f1bb9dfa65bc7df5c0d9d95a616be4
599,32f83ffe11cd40f7adcf4eef171f52d9
600,32fdd5d44ecb43dfd6a24b9369eca144
601,3338e7a0710a195872be80e0d2423867
602,333c4210e76a1aa2ab817b99437e3ff1
603,3340ef1913fb70d28420f6ceb685c339
604,334cab711dee080b079fa5779b584783
605,33576ec5412fb5905d876f12f33bfde6
606,3361277dc30b7cccdb0c286b24219756
607,3364a91ec4d56c98e44174de954b94f6
608,33a17d60c64393351ebf1ef860f4e0f2
609,33a6f4b1e7cdc205511e76ba1b6e0186
610,33ab10be054370c254ddfcf0a6253422
611,33ac3e28642ab8bda860a2f693000e78
612,33c51922b6e3c16b24a8f28e5833c99d
613,33cbbec1e7e1044aaf11d152172c776f
614,33cbda8716511e27e556dff9d8418bf2
615,33d677f27a69b84051204ee4ae76eaca
616,33dd941c27854f7625b968cc6195a552
617,33fd411ed63a7c2f9005e3f065d9f85d
618,34056b8b55c1775a22af2331670a799c
619,340636a908b13bbe0f4fb63fbe1d0c03
620,343e716476e3748b069f980efbaa294e
621,3442033154be05bac582e173ef54fd12
622,344223b2a90784f64136a8a5da012e7f
623,3442f8959a84dea7ee197c632cb2df15
624,34675b28b826facfde119785bf287dc1
625,3481aa57cd91f9f9d3fa1fa12d9a3bf7
626,3492e68f37fd1df87f4f2f2ea247f445
627,34a557286ead8fe75c989e0afcf7d98c
628,34aefe746cd81b7f3b23253ea28bef39
629,34d1ca11b242c0fee2c834ae8d788566
630,34f563c82a85b99ae9e6d60db5fc2e28
631,3504c0cb71d7fa48d967e0e4c94d59d9
632,35281d148dcf7134bae913c57db4e6da
633,353e21e8bf8de2722b4fae1636664b76
634,35857757f553273b1056c1cabdace7fb
635,3586b8580d9c917874e053a1bb37b5ff
636,35b96509602ec4b7da831b5cd73ff2c2
637,35ef5aa32949680f627efec3c23e705c
638,35fb511489d9ee3ee27a76debce9df06
639,3606774ec64634822d78dc2db6d37045
640,365e445f796710c3431557e85caa25db
641,365e4bce19bda0082c3d15d83fdb8bcd
642,36890be00bbfc1cdb9a4a38a6af05a69
643,36a968b544695394e4e9d7572688598f
644,36f98ad67cc981f50ce8aed093d5783c
645,37303482a42fb700d8d127e70a9cd6c8
646,373ee4a3a775a733770ca3f790b8b9ac
647,37515688008a7a40ac93e3b2e4ab203f
648,376a891762bbdecbc02b4b6adec3fdda
649,376d67b61dce0c990155286e7ae486a4
650,3771c85bac139d2344864ede5d9341e3
651,377bc18334c78dd2f1535ef22a3ad225
652,3785b653b1b82de85ab47dd139938091
653,37be5a7c751166fbc5f8ccba4119e043
654,37ceb404da208418c9032f0674e57804
655,37dd29b36c458d82f74a953c40c43645
656,38102b031c2a15e54623d711bfc753d3
657,381c83fdca332ea6afd896da20bf6e4a
658,3820c6537b3853be1a0687d5a60807ec
659,382229d1e840115ffe3dbf5ff460e417
660,385799a1cddbd26dfeb9157356a42282
661,38874e327ce94d11390b96eb42d61928
662,389e45560e33d2d0747f949dcddbc08e
663,38af8acfd46ac4a7bf754e8ca6736664
664,38e679b9e0064cd94c6f035707344dae
665,38e6dada03429a47197d5d584d793b41
666,38f276ca6e7cc95a6d1bb55ac9e5550f
667,3903c788ded8dc03b5ebab37a2f3e9a1
668,391bbd13b6452244774beff1824006ed
669,391fc6631aebcf3004804e51b40bcf1e
670,392353362d22cc2c236e1ee81ff19890
671,392e0502231ae2f8b29994ef6398cd77
672,392f7f2c797e4dc077e4311bde2ab8ce
673,3935fe5fe0f82787a9dcb8deb62be09d
674,3968920b9aa752ab98f7d5888c9252f2
675,3969863bb8af7f72580b3b1ffd3a17b3
676,397c4d0c005b6f41f90098ac724e28cb
677,3985a3c45be355a4c57fde108bfabd1c
678,3986c0b54f6b748b75e7bd4e092aa3e5
679,398cb257329ef7af7f1943a8974a3cbc
680,39a5005f2605cbdb4f9ac14485cabfd1
681,39c763cca83e654764b7a4a650fb9b7c
682,39d54ff918774174706fb065d7f9dc07
683,39d61be7a92eb77b7da367bd4845bc0e
684,39f776d2974049026ff531fc42ef2a3e
685,3a1a1fec38dd360f15fc912e821e169d
686,3a3c180dd702a725bd0ba4117689239e
687,3a3e46d10f74d8a6ca76e2b538f106a0
688,3a4127e1ba7208ea37044c5092aae170
689,3a490ba60afa30ece0e7d50cfe74a4f0
690,3a52d63a8f9daf5a28f3626d7eb9bd28
691,3a734b715d333a2588a3d54a0c9b8746
692,3a79f35a2344ede41af21267f61d5ec6
693,3aa3c89ae3cd482385568be76120f63c
694,3ab971ce71839580d2ae5b4e40fe8044
695,3ac588cd562971392504a9e17130c40b
696,3ade81dab5a172b88e1871c28ae05260
697,3afc536624bc2e65bddfb5db33cc01f3
698,3b15288545f8928d3e65a8f949a28291
699,3b18f9856c6eb2413eafedb58e9eecd9
700,3b872fd4747f01cc56206f2934198618
701,3bb32fedaa74e4ad20f4ce067733bd31
702,3bb548e3cb7f70f28e3f11ee9dce0e59
703,3bdff180c7e1f6551a643b99c265a120
704,3be5841cdcc46de4ed3f9116f104b2c5
705,3be634553519fb6536a03e1358e9fdc7
706,3bfad056cf05c00dabe2f895925d83b1
707,3bfba5a77604f6dfae7e6dd7aaf65821
708,3c010235b7345c92f125d14ee232a76b
709,3c03b12bab54d8b37d79d914bfdb1aa0
710,3c3017960b2dbd72711a61f0400aab8f
711,3c487ae8f8d7542beff5788e2e0aea83
712,3c4e0452bff7a2a788179488d3d77032
713,3c7c4a49ec3c6550809089c6a2ca9370
714,3c88ed2e76a2247933a15daa7161eb1c
715,3ca08eeb8d5595949fed424bd3677742
716,3cfa1358a6caa965278721344c8d76f2
717,3d01d1c414c44b5943a09619ff3853cb
718,3d0cd21d41671c46f82cd11176bf7277
719,3d2400ac620cffa23ac81bd192f7f555
720,3d2531eccfbde1d7c8db7a3a12fb267a
721,3d290fe363c60a77498c1126fd3fb8d3
722,3d39fbf22a665714baf62fae36029e23
723,3d3ccf2b2f8134b10dce9dd446f0e075
724,3d4824f20035949c710eaf111f869d39
725,3d49bfdd1b43a7fe169b3740067acc61
726,3d4b1ae7539303b5704493798893e82c
727,3d5d0dc7073a299e31fa718ce1bc00b6
728,3d621842b2ed28e2b474132480edac3c
729,3d62f86afa7c73be2628a3be1423f5a0
730,3d68c634a99a1ba46dbca3967a69c623
731,3d700782d7818f2c1e0d7a9e9d75fc00
732,3d871de0142ce09b7081e2b9d1733cb1
733,3d8fa2f5b647373c8620330c4e077a9f
734,3da38366e7bd9baf6369071f782ecdf0
735,3db66a856d18a9cba7c9241fc5221c50
736,3dbbce181edfaa4a597ec858c382d2ec
737,3dc69bf2c42f0568a5c4791ec3fd3745
738,3ded4e2d5f135cb103e5949d7263d2dd
739,3df020b72d3d44b3af9d110fa3940b65
740,3dfd3dc96f7f8598eca74e9ac8a2fa31
741,3e35a8bb43569389d3cebef0ce820f69
742,3e46a38ee171c503c3b4a3f23fe3bf0c
743,3e51f9cbe317bc3a88f2c76583811ee4
744,3e8bd881d92466e63ba9e3e809cd3c50
745,3ea00e1dea2b0659dbaf654735929220
746,3ea08c48e851106d2f584349daba335f
747,3ef37b7ca6dd2b80bd8af81a62504996
748,3f0e48d209018b466fcd3bb4ccfeb520
749,3f2af2670e104d1bcb54022274daeac5
750,3f3486b61f45078d4f31ee5e43d8c5bb
751,3f8034bfc6b8b4135534975d49f04c63
752,3f8247d0f772ffa58560e5c682521ad5
753,3f84fefc07dc159b268d4a77d3e8c425
754,3f995f07c49d0d55a99d5c54957f7d81
755,3f9be91358837bff69df67edfa3e42e8
756,3f9c56764fabca627406093dcb3ef0b4
757,3fac58ce0ad699020c7944d53c41329c
758,3fadb4cba4c35bce6a7eaf9872d5623a
759,3faf68a3b0af94b10bac70d86077be49
760,3fd1e727ba94cfe122d165e176ce7967
761,3fe7120d6257285ac6a3ce7cb071ccec
762,3febca52652e7209509ccfe61cbde40e
763,3fefda3299e6dfaea3466ef346a3571a
764,4003520d80d0bad1d5623f7aa3c63cda
765,400f221ab83037c0ea78f1267da9624d
766,402916f742e5c740cc751493d9cf5053
767,403aa86912527d730337ffcb0fb096ab
768,4049512728d969bec69f84088b012416
769,404e1ba01358af4cd63f679b2c4d1fa1
770,40536e7ca18e1bce252828e5876466cc
771,406740ee611378a662d274c7d8c43c4a
772,406822777a0b9eb5c50e442dd4cd3ec5
773,4091f77d8c768fc3e81c20761471761d
774,40d54b51e962dbe09cabbcfd33298dee
775,40db9e9aa57f7bb151bcda6b0f9bdbb7
776,40ec8ab6cdafbcc4f544da38c67da39a
777,411f3b52d857390502ee4e4d5ceabc2d
778,4125d9385a25e82d2f72d3a0fd55bc3f
779,412a4720f3e9431b4afa1476a1acddbe
780,4170f6a9367e6b5d6401d03ce6d54569
781,417a1e6c7321084d2a0ae0d023cfad93
782,41958cbd3335433c8740300e8cd600d5
783,41ab63a91b8b264e8c8780368bf1dd5b
784,41b14765bd56c8ad10971074380f9c0c
785,41b39e28db005d9731d9d485a83b4c38
786,41b86b552e54e3a7009596125aa8b167
787,41c2bad7229b0c25e6becf179ebf63ff
788,41c9d3997dd3c072c31139dc5bb5761f
789,41da412d33e8da4f22baf55cb1bde82c
790,41e0fa5761c886a630994a55c12087e7
791,4200ddf1967c5e41e48db62bc6d4b5ac
792,4221a7df464f1fe2955934e30ff3a5a1
793,422be4cc81a457fdb46f47edeb968ae5
794,427165bf50f8ca07efc7bdc2bfcf1688
795,42b6488f5b8246d9141712abd4b1b693
796,42b729f859728f5079499127a9c2ef37
797,42bde9fef835393bb8a8849cb6b7f245
798,42d4b7e70819438f5ada61c965e92d7e
799,42ef3192a9ff87a22d1867b74b3ee205
800,42fa4ee7240e9b8eb4576358ec142ba7
801,42fb44130ac3134cde8e35cf8ec7df25
802,430315b7bb4b6e4b3c978f9dfa9b0558
803,4305fe92735c8a43d154ff6dd2b8d927
804,431050a06a317f2b38168dec3dcd2b46
805,431af27f296bc6519d890aa5a05fdb11
806,4324dd16853115efb0fd9d0d131ba6f4
807,432c37c9dfba871172ec162e20118b8c
808,432c67955c0acd1fd6b0b5d678766a71
809,43402bdf22aa2310e8f99e2f94f78628
810,4342d4b2ba6b161468c63a7e7cfce593
811,436bf27f2f18474fc6047702e9f8a866
812,4371b634e0efc0e22b09b52907d9d469
813,43753b27d77860f1654aa72e251a7878
814,4391ea5c5990502176a1dcda44a2373d
815,439a47cc365d6e3bd526812ea9de3c29
816,43a1d4bab73b816e44ef4e4facd9f9b5
817,43a5d4a57af536fddc96d08be3afdfcb
818,43b2c864251aa0ce4030c746984e088a
819,43f8c9950d11ecd03a0304a49e010da6
820,44073f8b7e41514de3b7815dd0237f4f
821,440dd6ab244315c632130ecfb63827b1
822,443d880f15cbd3572885e1d44bf2c478
823,4450bd8327d471c4a11a83d1445b1b62
824,446cc09cdbb130904da114e807dbec40
825,44717f64ec2a457979cf83c429077666
826,447d377bdb757058acb569025ee18a93
827,44ed138eca6214d572ce1d813fb0049b
828,44f091b5abab8018f682fce8124b85e5
829,45213867cefbf2cd4c6177e10216a951
830,4559697a8f7e637227c2eeaed843baff
831,455befea1bb853c75ccbca94cff26e5c
832,455c5640e8c5bd1b2ee85c0158f85727
833,455f46ef09a9e45667e2981df84b5cc2
834,457fe919b032a3f7dadba6fb92cf7855
835,458c6fa920810ce2492da71bc26d9eec
836,458d868c9642f55f18f04e951a3fdde6
837,45a3d05fb00435e52a28859dd03703b3
838,45ba18c210d42734ec52c0c1c574e9ee
839,45c20d94d9171b0bcfab3c955e47d67b
840,45d33f715e24d15a6ccf5c17b3a23e3c
841,461ff5303b6c9c1a4a07f40c5aece516
842,466222e777149751370e7e98fb623b0c
843,4677a5437afda5fa7140b927b07be1cc
844,46dc3b2cc0980fb8ec44634e21d2718e
845,46ef1a25845fc051c2998d878354810c
846,4736e9d642ef4257cd7622516931eb51
847,47648caee88ccfe951fbb27fbf7b4cbe
848,478bfe564db21eeb44386606aa30b650
849,47efca563408aae19bb7206c2d969ea9
850,47f55702f598c7c6cc8458b0fbc1c49a
851,48162d548f5b1b11b9d29d1e01f75a61
852,4830e40640734fc1c52cd21127c341d4
853,48328ec9a579151d9cc6a86d4a59336c
854,483ca627d131e18f988349b1655c0acd
855,48436dade18ac8b2bce089ec2a041202
856,485452467ff670447e84a8370c3fc898
857,4867209cb29b56b92893d7bde3ce8012
858,4869f7a5dfa277a7dca6462dcf3b52b2
859,48985c61529077fa4f1e38bcff0f2ed3
860,48b6c3f4c6a93171da04b75313f2130f
861,48bad451945f5227341793478d6353ea
862,48e5ee06fb2dc74df1c711a9b6dfac2a
863,48e954b2da4f6a750c844173b347ed40
864,48efc9d94a9834137efd9ea76b065a38
865,48fb026ed7455a42f5d3e9390ed5088e
866,49067458c68f7701fd334ce326accbe0
867,4917cee8d902e13428c3ec4b1ca6f315
868,491a5ada3aa1678414e990262c4bbdc1
869,49383af7ab774e4e8f3000f49c83dc4b
870,4965a7002cca77301c82d3f91b82e1a9
871,497709c2976a8fa308730a2dec5b0726
872,4978a02ea9c8be7a9b5480680f40334e
873,499185655c29ecfdbfe776ef7cf875b5
874,4992e76a42cb3aad7a7047e0d3d7e729
875,499ec63c58e51296c9cf57edcfe1c8a8
876,49cdc90518a4f82676b38b3c1aa43ff6
877,49e7217cfe4e427191c378ec626d8737
878,49f8d2ea7b718d0ce587d34207caf2b4
879,4a1917ef994878940e1fb03eeb787ad7
880,4a1f694197d05fe70026b016a7316b41
881,4a23adac87cf538689fa600d976f78b2
882,4a3ca9315b744ce9f8e9374361493884
883,4a3ccda38b2129705f3fb522db62ca31
884,4a5b36211b1f51bf7eaa5c10a57fa483
885,4a82168aaef173cbb6e46ae88728f919
886,4a82c4af97ffc0fb2dc26bfdc03b1842
887,4aba391bc3b88717ce08eb11e44937b2
888,4aba6a02a788d3ec81c03137144d9a80
889,4b0fdb526525f9890eb145bf1534640e
890,4b1eaadf791bdbbad8c4a35b65236d52
891,4b39558c138930b9e5489c93b6df5fe3
892,4b5f66b7adcf57f1ecc0d3c07dd6b177
893,4b90495391ac0bd181a80a459df1e718
894,4b9750c8ad28220fe6702d4ecb7c898f
895,4b98b0428fc1932cc2514ef9ce2505e6
896,4ba52dfeba874da5b9ee7b17c7494f04
897,4bc3d93e4a5f88a598d3d8ce4ae510b3
898,4bcec44888b30ba9001234c534716d3f
899,4bde6149c15cf7e177b36fa060dd6de8
900,4be2e7f96b4fd749d52dff41f80e39dd
901,4be6b962d83299498bae2190f95d6566
902,4be9ae93c4fc0f41713d71a4194ee1b3
903,4bf2f4ee540798a61f9636d12cd9cc80
904,4bf658053d453036c70976bccb2c31b2
905,4bfc7a4a1cf8d4d2121c27422d9e50b5
906,4c03b9dd4c11ee2cb35c96c49efc9420
907,4c18691b6037662be2df78a765d98ab5
908,4c1c7281388a33dd06daac44f9fadbd1
909,4c2b230173bb36f9b240f2b8ac11786e
910,4c498c7345e89aebad651544829beca0
911,4c4d546adf3c3868fe19c9ec6e9ffda9
912,4c60877808f4318ef1107fbeb8f89afa
913,4c61e37f664c3c88aff092aa5ac779d7
914,4c8545742faaf58fafd5fd14d25d75cf
915,4c8b8048e33af2bf94f2eb547746a916
916,4cc43a222a0f94910728b62b97a8c5f8
917,4cc4fd4fdd406a85bbdc1f824b731bd7
918,4ce6e5f6c52515177e18c1c9361d8677
919,4ce8b55b4bfa4659184e7becc1fba3f2
920,4cf490a58259286ada5ba8525ba9e84a
921,4d0041cdbe51b4617d95c70b19decc74
922,4d232b78ab7ef10393dc3807d827bc0d
923,4d600e08ecbe08258c79e536c5a42fee
924,4d6d651bd7684af3fffabd5f08d12e5a
925,4d6fb82c629c7a5028bfd973c07b05e0
926,4d8809767a5bafe22909c77951fb6b41
927,4d9fea3499bdc22aa4da4e339365f215
928,4da0e408c99d2fdc2126dc9fce518060
929,4dab98ca6cd6d3df586203cefd28a042
930,4dbd95a08b31ede5c82d3f861cb1ce1a
931,4dc2e811a1760953cb7c6a590b498943
932,4dc646b9b9e8e411ef48ba000ea3ac6f
933,4ddeb3e828550cddc8d45c8bc36ab2d1
934,4de6e4ba574aa9dfdc824bc44dc47fdd
935,4deebb3199eeafb282ae33229144f94b
936,4e06067cc08b3f41d837768d392c3ee3
937,4e0d109ccfba9a1151c103049880c857
938,4e17c65a516f69d023a2ae78b84f28d6
939,4e2627090e6e5b9fabba883a37897683
940,4e326052e5dbba8adcd512f3450a307e
941,4e42581f08e8cfc7c090f930bac4552a
942,4e480be820e37de1444325ff358c9296
943,4e5725ba188db8252977a4f0227bd462
944,4e6015589b781adaa5ce7f1892d06bb1
945,4e7c18b98d84e05cbae3ff0ff03846c2
946,4e85b538b0dad58852641540686d0e14
947,4e8dacf3d38f281ae26c3e0321d92d88
948,4e922959ae960d389249c378d1c939f5
949,4e92348462c75b6c842b994ce84a0ed4
950,4ea2f12dbe91deeacd2c1e74f069a6e6
951,4eb61f060e7dcc1d5a80d806c35cc541
952,4ebdc7e6cd6102a022dadc49156d4ea8
953,4eeb99008a0f59d2c7759c59f9a346eb
954,4ef4c39cf3c24f326434cf0b2e48046a
955,4f0d637c1197fd65405ebd755ac9f86b
956,4f1f1c8666cdb6442f775c4e8caed465
957,4f40d2ed38d1cc945364a7cd202a82c7
958,4fae87d32467e18eb46e4a76a0a0b9ce
959,4fb41dff7c50136976d1a5cf004a42e2
960,4fe2f67634d00c021aa01f96b6f2d68e
961,5011f0d93373a4c5753adf58ca77af8d
962,503c1de08ae81a2d86f17951b204db55
963,5058e8c1e82653974541e83690655b4a
964,5075aaa8404020ae6aa8bf4792099b41
965,50770d25768b0486d89be26afca3108f
966,508808d438fe2ff972ed13bb8f4a82e2
967,50a7e551a7b3f8d37cd6e32d8bfbe5ea
968,50bf89f1349bc0409a268c3a49678009
969,50c361bcf670d16f6df4d52de3dff924
970,50c9975695009e5e6473912e83a6d1da
971,51209b446b2073894bdc0face6c73ffc
972,512d298ac2a96d1931b6bd30aa21f61d
973,513a54369b6a8a6602fcb0e129c6d78d
974,5145090ab595c0d0b8557199f5701fbf
975,5151aea44289d6c6b090ee31c2132508
976,515d781150feed28a6ac091bb0e3cb8c
977,5160d23075764e18e07c1f4a87fad743
978,516e7738bd8f735ac19a010ee5450d8d
979,51702dc2a3e106c76dbff722b5bf0726
980,5194c22ed1f616ec0c0f33c571542879
981,519a7aa428f18d125a283cf8c014fdd6
982,51a04a8a6bdcb23deccc82b0b80742cf
983,51e0557bc7b86de13e946c60ee91ce39
984,51e4e89242cbb846c2deff3dc015650e
985,51ed72984a04e5dd35c2b27e77179038
986,51f108f62cb87d61918159902c8f8583
987,5206cc4bc2297c833e6061c49bf9c43f
988,52092ddbd3a58c450a4459bf051b2287
989,520b493b57809f446cb0a233bb3e25c7
990,522620dcb18a6b31cd7bdf73665113a9
991,5236605f4d4b0b3e4df85b850393fca0
992,52454f90d4c30c016768db02f88c1a74
993,52562a9f449c3dc3d53f5f5b9ed74903
994,525e75a6fb1454a2325ab1734bcec221
995,5275ca25d0358ca73864e0ae41be1320
996,527801b552d0077ffd170872eb49683b
997,52831e5990d0771cb4951d6f12928167
998,528bcf6680c36dddf07620bd35b33a6f
999,528ce32f560edd11add4169f6a5b65be
1000,52956b80ae65fda598f06f6b9943e7a9
1001,52a50b42accf164f9f019941e5759d9b
1002,52a52b9f656520e99716f5bc40f661c8
1003,52ac6f920b7280e4c6d30dd94de6259b
1004,52b53f7061969fe471d119b6195da864
1005,52bb00821bcdd358a5a5a27e1f6be5a1
1006,52d76513f0c4d97f3b99570e2c94ee31
1007,52f0fe436a347ddad7ed5f9aa4e27eaa
1008,52f6f9f13ba19504c02781132a049e75
1009,52f976b17ea7f2f087f56dcc419328f6
1010,52f9db5cfb423382a2fa5c9e39303202
1011,5305693ffae2d3463377b1f6fe67b15a
1012,53088c75f948b48a7ece173ac17f0c12
1013,530ec6109d11eaaf87999465c6afee01
1014,53243585a1d6dc2643021fd1853d8905
1015,53336f97ddbe53e2a617d07b17447b95
1016,533d46c1b06970e99f09523a61df4972
1017,5343d0649eca2a983820bfe93fc4d17e
1018,534a01cc6df1e034e05c32028a291fa2
1019,535bf14f36346c7f59d87cece104d70c
1020,537eb890efff034a88679788b647c564
1021,538caafddff204241cecbf3a02e6b3cf
1022,539ed9e19811677513447759be5eccfc
1023,53b0300ca793f9834cd69c0678d35ee8
1024,53d00c40e32aeb924a84ce72b1af869d
1025,53e4c6e0f4312d4d2107a8c9cddf45cd
1026,54065e9aef7e9e9c2dc23b7594db021a
1027,5415337f1863452476d42d9f14a16a61
1028,54219883e72aad869adfb2a54b7bfa0f
1029,542917da124346b47ea1ac79a93ce454
1030,5444b12c82f21c923f2639ebc722c1ea
1031,544863df86ed3b78a04e0820d41430ee
1032,54583ab379489add547fe47b628db589
1033,54965bbe3e4f07ae045b90b0b8541f52
1034,54a1852d1b8f10312c55e906355666ee
1035,54aa8463e87776b5612f4bdc4bd5d4de
1036,54c04bdb5ec46762f8f08c7e8f86ed4a
1037,55029529919c0123526150bd26ca8f20
1038,553a440137d6e0cf776aee0bb83ac9f5
1039,5563732abe64c3036cb97ad924128dd1
1040,5566627eab3fe93fd6ee08798226101a
1041,556a6409838156ea299c9d1f9e2dde43
1042,557f22c76691849db52d2abccf0015d0
1043,5587130f9850696ed7fafbc91c2cee44
1044,559d56f3b8f0bc2e5a9a62fe2ce2a39f
1045,55a5b51f93f2b70ea513f5a047b0262a
1046,55bb6fe5bebe5012e2d7d9928e1128ff
1047,55c26bcb609f480eb7868594245febb5
1048,55c96925041a14097b6a7825554f4ad5
1049,55d3daac7c404d59e51c2aa2f4dc5a23
1050,55dedd83e501d8248880557d9073cbfd
1051,55f7a3319d80f7fdf078b8f03e6725fe
1052,562f8cfc51f265411f487d07e9c40e7f
1053,562fc2f2c2863ab7e79a9e4388a58a14
1054,5656537e588803a555b8eb41f07a944b
1055,5659d77e8d90378e39b960ad5956f64e
1056,56642bcb79900e777d68e91915cb4267
1057,5670f4db5b62c43d542e1b2d56b0cf7c
1058,56a8b450e802502ba53a9885ee38e29f
1059,56db5c0782e8f7ddc9343f9576ff6d16
1060,56e361f411e38dcef17cdc2a3d99628b
1061,56f413900b5166ab4d730e9ac0b12cb0
1062,570d4583587a5fe2d47c7be89b91ad27
1063,5721089ba9214e80074f27d5a03fc0eb
1064,5733d806668f8712c24b9abaefbfa642
1065,5741dc2bf5044c34d0698681c5081bed
1066,575df70bde3f9f2b30bf8d2e9910d725
1067,577719699805dd125d5b6fdde5943bba
1068,578460d8319c51dab351cd9db95eadfe
1069,578fa3a9cb6b6dceab39231ad59cdaca
1070,5795aebfe331fbcd02a2c4b679fb7952
1071,579891617139df7d8671d373f0669622
1072,57a834594e1e9e9219603bfec184eadc
1073,57c764b4a836300be881e2ff86e449f9
1074,57d2ba47f7a3209aa347532ae75c1165
1075,57df9869a600bd6b7c405f2a862eccfb
1076,57e632711dec9ec14ca7546769483e7e
1077,57fe6232e67823593374a2281d7a8af8
1078,582d4f8675b945722eda7c0cb61ba4c7
1079,585175ec331ea177fa47199e39a6170a
1080,586a871d4f1221763fddb6ceefdeb95e
1081,5882820ef11c4c068eea0677a7a879b4
1082,5882f40daf39bc2a465e0cb453ddc222
1083,58b98ccb79873e04eac4357cacc590d9
1084,58c851d1a3c7cd3da329eb59453fed44
1085,58e4b302b54937e55a678c4d15111da4
1086,58f1a6197ed863543e0136bdedb3fce2
1087,59417c56835dd8e2e72f91f809cd4092
1088,594f9aaa48e5bf431f011ddc5669b0d5
1089,5962468f885ea01a1b6a97a218797b0a
1090,596849622429351f47b32e6cae1055ff
1091,5996cddab893a4652a15592fb58ab8db
1092,59b22a78efb79a4797979612b885db36
1093,59bbc819b99a733f02f0d6b49d1c253d
1094,59cd88080b93f3c18508673122d26169
1095,59cea8e446d3834393058e7e0666b6fb
1096,59de1d4c8c057c2a53acd4ca66531af2
1097,59fb871bf6f4522a87ba567b42dafecf
1098,5a05a16bb50629ee31afab8a6d4c2674
1099,5a32c398a06c345440bf2a683b017ad3
1100,5a413ade68e8f8d93071a7f52a64cb9e
1101,5a4236931428800e9d9cc04af0987118
1102,5a425cc503b39b262a847fd6212bf53b
1103,5a6a02f419701fc8c605af71d4fc57a4
1104,5a8e7d5003a1f221f9e1d6e411de7c23
1105,5a93f3ab0ef4c84ed5e1b5dbf23978bc
1106,5a9b3bcab695173c820e53934574ae80
1107,5a9c0859cb00fd8aa4db443837f0a700
1108,5aaa890629f83706d8d9bfecd8377c1c
1109,5ab05b6d86d417796c69ffd6774ec832
1110,5abb8ea023c77787f2c15da891c8d384
1111,5acd070dd3fe441bbb2ec1f1ede515ee
1112,5b07547f10dd980738a1a27f685af669
1113,5b0cc932433fa5184b5b94bfe6bcc256
1114,5b179e9e8cc7ab6fd113a46ca584da81
1115,5b2e94f2c22b39ccc24d34ad0f669672
1116,5b33b527da3c5b969cc99dc435cad09a
1117,5b35136197710e16ac5e7b7c2bd4ea85
1118,5b51032eddd242adc84c38acab88f23d
1119,5b581417df4480f632484ba681e53944
1120,5b664594895aefb418afaee6d40a9a23
1121,5b67882648febfb6e1225e6ad7164f6b
1122,5b8154610ebb21fb90eb587365e673df
1123,5b85809efd0d0e4dea1a9544e1280ed9
1124,5b925e1d006e9476d738aa200751b73b
1125,5b92bfa4120daa27c574daa2e386c693
1126,5b97c06a046398e7005b2b7c0d707a92
1127,5bba18b40e8c973b0f32e748004775b0
1128,5bc237df65098fe211bb4818f4d26d78
1129,5bc24d989e71e93c33e50a7782431b0e
1130,5bc55dbe2f12b6af6d83ed46023e0dc8
1131,5bf397d04035b5f45cc41e82ec106803
1132,5bffbafbb22daf6d3bfc216a46db8708
1133,5c030029b5916fed0986310385ec9009
1134,5c243662ce92d84573bfaff24c3e3700
1135,5c3460cd3e8a984382ae254e7dd20d9f
1136,5c603ffb38cbbf25a0e0698941324143
1137,5c6d4016c2a288f074fa0848a2b653d2
1138,5c853bb56f70f4d14218944bae111d7a
1139,5ca5d579b5857ee8709479b1047cecc3
1140,5cbbd5a299cab112b7bf23862255e43e
1141,5cf13accae3222c70a9cac40818ae839
1142,5cf1ec37aea089f45110c70653a166ab
1143,5d0363b33554b373851fc1622e4d5f3c
1144,5d043cd5512d4bd2f88e5ccdd5736c38
1145,5d378b73ab7dd6f0418d743e5dcb0bd1
1146,5d3bb11474a06bdc23fb9e89f1164ee0
1147,5d505d2298ad549e4e4e835562fa0c1e
1148,5d76d80a2f5f39c891b996a1bf4c9853
1149,5d9dc90a686a8fddacffab6bab5653a3
1150,5d9f3746e112e696f98ea22c56b3e912
1151,5db42a6cd9bf1bf0d3aab9582767f168
1152,5dc203c7b84a0e71e878a179de05fb9a
1153,5dc4bdaf869e8c77c648078cbe8d59c2
1154,5dceca129747e92ff8ef7a997dc4f8ca
1155,5de1c80811ce7007f62f00d971236c09
1156,5debea795b07621e1f90532e18f96145
1157,5def4c3732941a971cba8fdee992ede1
1158,5e063e85d44b0f5c3e6ec3131103a57e
1159,5e105f5c9f63f5f1fd75d6cb942e55b1
1160,5e106d93b717c2682b9383da480364a1
1161,5e25c632f9db6cfb8bc100421c2737b6
1162,5e49e3a44bdeb5aab2684258bbd4f525
1163,5e9f5bd34e0830569f05c9d4f56e04a8
1164,5ee7fd217d08dfe5d3e2f51f96a12c9a
1165,5eeb9c756d9780b96283e5a2ac6da334
1166,5ef131ac72773e5b3f6c0d63cf424657
1167,5f0057b677eb963672bf05dfa3f16c34
1168,5f06030071324cc52bf0304014ac7234
1169,5f1dc28029d2c244352a68107ec2b542
1170,5f2684dab12e59f83bef73ae57724e45
1171,5f26c1408a65b42a7224cd463bdf3292
1172,5f3ae9136c875522250f8184f253413a
1173,5f57db27027655e6c6a391601daa0258
1174,5f5a58930c3c35f3b5af264f34fb8c85
1175,5f5b43b2bffa8656e4bc6efeb13cc649
1176,5f67c6082caacb26e431a7b17940cece
1177,5f7300535881cef3b625fd683cf7d145
1178,5fd924b4836098a5be0ecf81ba054ce0
1179,602044f2c16190c2c6e45eb35c2e21cb
1180,6025c79c035c3d772133b8b8238463b2
1181,6039e27294dc75811c0d8a39069f52c0
1182,60562ab00b8054280520d390c8c0045c
1183,6061155addc1e54b4cfb51c1c2a32ad8
1184,606ce7768feac12c5e8bd58db8b08f0f
1185,609e1a9a6c2539919b8205cf7c4e6ff0
1186,60ad151920c4f6f3ebbe8cfdf6166779
1187,60da8bfa7eebe230b7d66ac4082d79b3
1188,610f72e407cdd7caaa2f8167b0163fd8
1189,612170e34b97004b3ba37eae81836b4c
1190,612a743d294c27884fb7b80d2b19ba35
1191,615005a3ef192c00c6f0e977cee3d2bc
1192,615c3462099ffa940d37b17dfda19594
1193,6179a28a13a726c29b3bf54c070dccab
1194,6187a137b2af59dfdbad8d9f8c373c14
1195,61b18775be84fb700a6b2d0ba097bf66
1196,61b893c57e33626afb104d4112b1be76
1197,61c36f0fc4a47f9532e5512b66668e62
1198,61f159ef6da2d441951d2c0efa719362
1199,620c87c171fb2a6dd6e8bb4dec959fc6
1200,6219ba2359cfb97f2e38fd4c321eb309
1201,6235903333ba7de1928c869e268e5964
1202,623ad9d0c1e14bb5464a8c72bff7b4af
1203,624f4ece8da4aafb77699233d480f8ef
1204,626ab1cd96932367f0eeec2e47046c12
1205,62760d278921b5f352461620d68a9cee
1206,6288c69c4ce638e59925e59193f98b16
1207,62c50c1af4dfdc4149d25c5222043d39
1208,62d977e2b2aee830de3e039a28490d12
1209,62de60d81c55c29d76a6bce418b31cef
1210,630008e0f062605a415d694489f6f82e
1211,63191ead8d3b2f937cd1996fdcbbad20
1212,63272377184e969942f7fff221be858d
1213,6338ea67c41078a46ad99cc009654956
1214,633ecdf879b94b5337cca303328e4a25
1215,634964b17796e64304cadf1ad3050fb7
1216,63704069d9bd3a75c1cf59babe56004a
1217,638cba8be1fb599bbb76fd6948351eb3
1218,63a79f5a7eb5cb48a7e5787b141c7993
1219,63b464dbf392c7b80d12d932fa7cafed
1220,63b9ae557efed31d1f7687917d248a8d
1221,63bc58679c44e8a998792119fd7ad23e
1222,63ffcb71394dd8ea3872ed9ffda17c74
1223,640e21a7d01df7614a3b4923e990d40c
1224,6426d21aca402a131fc0a5d0960a3c90
1225,643214e62b870443ccbe55ab29a4dccf
1226,643c01d7c56a724bec0454f4780e8a3e
1227,6481e96574816ead57975da2c0f6d80d
1228,64b87978a11c1ea7501a89eabe8c2c1a
1229,64c9a1db4e73e19aaafd3286dc448c96
1230,64cc804291f90c81f02bfc2bb58ff55a
1231,651530bf5c607240ccdd89a30c9c9712
1232,651fe66032c9520ee5587f694908040d
1233,6524b847b982cd56bb5d4b02b776ee42
1234,6548c2550b6e2d8f18053216e1c7b6f3
1235,655220df33262c7e0c4949a147366f94
1236,6560211a19b47992c3666cc44a7e94c0
1237,6561d6bf844e464b4019442692b40e02
1238,6562efe88ce0826a4ca4f189f03b4b84
1239,656591be56071d4c9ef4e5fee78a578a
1240,6576fd3e23c88f0e5d4d23f39bba0542
1241,657969cca82e884d272385ec0ef06edd
1242,659e8466eb3ff1b0e8740d74fb7bbedd
1243,65a7c0788e4d632ccb5e1b594b87f0bb
1244,65b081a070633e057c462abdd6fb9dd8
1245,65c255b299faf2d12050937cc219c46c
1246,65febd49fd28ec955651299159b1f527
1247,6601ee6383e7f452be71929f8de48bbb
1248,6614814a00d344b846ae209f95ee7e3f
1249,661ad5fcc28cdfb8bcadb12bb2272475
1250,6624bc09786f0e41ae48dfc5eeb1a9e2
1251,6650fcccd8cd2f7e55ffa524f30c4c59
1252,666658b8da8370f30e1f89893b1de5e6
1253,668bf321538e5072858eaef6087ce027
1254,66922902710d126a0e7d26b0e3805106
1255,669ae81880e08f269a64487cfb287169
1256,66d5ae34537110d3affc56174dad2b2f
1257,66dc1b1632bd6a3e508510c5b3492107
1258,66e0557ecc2b4dbea057e93f215f68d8
1259,66fd84ee7528c0c0de85d0f44a73d5ab
1260,670a9dda115b5a88b18cfadee8de2332
1261,670c26e0f1bf8d0576271d5cfaec6d2b
1262,671585f5a2af58b6e276bc01003c0d2b
1263,67225bff54a172ff67579aaf583efd78
1264,674207551483fec113276b67b0d871ff
1265,6750d71153f00fc58829af2a8ef1bcf1
1266,67883baaae6134ee81b271a542613728
1267,679769a98cfcc6da877c8486ff1c13f3
1268,67bf6941ba2f1fa1d02c375766bc3e53
1269,67e43d802fde8cfd3f9580124f8167d1
1270,6806dad1da97bfb5a9038eac6881f706
1271,681fce914360217db47784ae28905a96
1272,6824a69c9ea0313eba299dd4a2dba09a
1273,685b870da5b52a710782c9c0fefbeb5b
1274,6860153b69cc696d5dcfe1cdaaafcf62
1275,6861de0f40cacb0602e473c51639f980
1276,686886775c8f6b1191c7b953fb52708c
1277,6879c4d287a8dd06b11f54ea8f78e4da
1278,688756f717c462a206ad854c5027a64a
1279,68ca56ce86830f3d31b1b7ec6a54da3e
1280,68f86ba270525243e68ae74044f992b9
1281,6902157ee16728322d61a1321fa79e58
1282,693660429f9dc4ff704eb3d88dad54d7
1283,695051e2981c8b19e77cafe450d5bdf3
1284,6973a06f484aacf400ece213dbf3d946
1285,698624c6632eeba1774924dbea24c700
1286,6989574bd97d9773f10d232b6c07da59
1287,698f5fa55a5f73d0740e9d9a773e8093
1288,69a43819c758c65a5befb0b471c954d7
1289,69b5eaa096c3f9d1e5c398c597f567d6
1290,6a0cbc8af2e8abd1bdfb777943d174c6
1291,6a3139c7bf09ece22a4713d956acbe5e
1292,6a38087bc8ad4f89ff453561005f6dea
1293,6a51fc556dab5f766ced6fbc860bc613
1294,6a53b90c3ad9e0b56d9fe5c69165fff5
1295,6a8a889bde935bafa76d7848782dfaf9
1296,6a8b085f816a1f75f92dbac6eb545f8f
1297,6aa3928696eab49a19a466e665a649fd
1298,6b15924333bd1a741595fe981ea04822
1299,6b1c4d4d9ccf0be3d8544eb0e71e5318
1300,6b243f80ed07b10f0e8aa0f21a205f3c
1301,6b2612338467c08c9b25f0cc55b1578d
1302,6b333a05bf188ef3e1f1662a86bd9855
1303,6b3bd31ad8fcda4b2635ec9f3ff2ecdf
1304,6b536a23086fba0d58c08d68814397f6
1305,6b803197e03abd5056b4313306b4f29d
1306,6b89abe95848c850399130d149a39b63
1307,6b90f847357d8981edd79a1eb1bf0acb
1308,6b9b80d53ba3676eafe60268a810b5a1
1309,6ba4733aa33f6386e9fb0c0fd3993b38
1310,6bb0724edf0b62fb91ac404873a97241
1311,6bb62a4912377c7bfe7cb17b406bc7e6
1312,6bb66d9870c2e01c05655c7ed0e7ee13
1313,6bbcb8924baf70b7fe2fe2097e8cd407
1314,6bcb2352a2a0c38b845f598298ab9d26
1315,6bd503a8230299c9316fb0f726933927
1316,6bd69102ab48df500790a8cecfc285c2
1317,6bef34c5be6f2bbd70aa5165f6df94b1
1318,6c12e40690c335dbc2f68a4134d30dc1
1319,6c177e38df6d3f34182b1f1d427231bf
1320,6c17baf138731a4aaacc3210adf2037b
1321,6c1b6d0c604b776f844125f911eb7377
1322,6c6cc59a5c00cacc5054ca06d65cc282
1323,6c6e3d67f969468f3bfd33f827a31222
1324,6c77cd583b36a13aacccf2b3ee23e233
1325,6c7d50c24b3ccd2fd83b44d8bb34e073
1326,6c9875b2f94ba781186f0c1aed8d1687
1327,6c99c983ce3b6ba0ab813e6790e81691
1328,6cd68b3ed6d59aaa9fece558ad360c0a
1329,6cf476a4ca74498db55cbccdaa9dcfb6
1330,6d04126aba80df143fd038e711b8fd96
1331,6d1b9c9579132c87d2703ec38c30f2c5
1332,6d22a1fcebb6dd08c9cd90b92a93e8d0
1333,6d2f2e3b539480db1e0842b3a4e32e6e
1334,6d66611d7c44cc30ce351abc49a68421
1335,6d7f8d9d594e28796b6b3205b00f459c
1336,6d803cb79cc31c41c4c789a75933b3c7
1337,6d988d6174a2c27441597174f8905515
1338,6da1992f915d77be95d7fa48b36904af
1339,6dc9bec584588412a6a338830946a3e4
1340,6dd7dce75cd55c1ce255dc38d9f0cd46
1341,6ddc28b61be28373b4503a1f61cf98a9
1342,6df688df543f90e9b38f4319e75a9d88
1343,6e0908ef4d4efadbc3cc2b74ea477cb0
1344,6e13dd869aa7185f601c941423abcc8f
1345,6e1862e15f33d9994bc25922a85e1efc
1346,6e2d3e2dc84fb30f6078f39dd3bddd6f
1347,6e386f64c84e482f0b9abf960797ee1b
1348,6e4a902d1054e4e17aa6eab87fac1c75
1349,6e4f5ff6b086632ba8dcb558fb10249e
1350,6e85dc5ecd97a61094b89b046a509d8e
1351,6e864f5c4669eff3d98140a07cc50202
1352,6eb94e1466490d327a09abf8f3552a50
1353,6ebf4eceee4dd9847201c82e77ef8123
1354,6ec1a01e866584bb679eb9b098345919
1355,6edacfd9f9074789dad6d62ba7950b9c
1356,6ee85be3693ed79a8e80718743d80655
1357,6eeed17989b0ae47c9f11ece6f38ea90
1358,6f1a1263039c76e68f40a8e536b1da6a
1359,6f229cc508fc6915ed5c499efd93baa4
1360,6f835fd4be26989b1b064399da346143
1361,6f83d9e4da896daae20b9b6b2d3ff8d2
1362,6f892e20a171e98efe17fdb971ff319b
1363,6fa9202c10491e472dffd59a3e82b2a3
1364,6fc26fe110feebd80a433e1f012a84f9
1365,6fd52c528dcb38be2eea044946b811f8
1366,7008613ea464bad5cb9b83456e1e6a8f
1367,700f03c207639c22d933381ff60b35c2
1368,70125af26c2d6d4ef401a1d02ae7701f
1369,70126eecc6aa1274392a1743866e9678
1370,701938c450705b8ae65fc923b70f35c7
1371,702835e4b785b67a084280efca355756
1372,7040e82f899a04d1b434b795a43b4617
1373,70849ca4f400aaabb62cb7462a6f1428
1374,709e16e2b25c7474d980076c6bfc4806
1375,70a12e78e608ac31179aea7f8422044b
1376,70b52a4cfc823994561b00bad161b4ed
1377,70bf57d811208f8923b41bbd499a67a4
1378,70c0fda4c313d87115644d39e62eec60
1379,70c27847eca8195c983ed7e798c56743
1380,70c4eedec9cb4a85cda2f3f9673557b4
1381,70ee69419916dc13e3aed619061f996c
1382,70eea00b476a314817cefde4aad4f89a
1383,70f7e8018e3d46c748c92f026aa2585a
1384,70f84699be677ec988d1fa824aef7d90
1385,71039d19d4303bf9054d69e9a9236699
1386,710e3548e02bc1d2831dfc4f1b5b14d4
1387,71271995e85f5b8530be99ed54a91b89
1388,712e6ed8aa4aa1fa65dab41fed5737e4
1389,712efd3b68f9686dc856b84abd0f21ae
1390,7139dc5186aa238b006e066d8fbab2e4
1391,713e3a23ca5e47786eb6f0d99f94cfac
1392,7142540dd4c91e2237acb7e911c4eba2
1393,714b9a1332840f257b49f476bea4e341
1394,71592660bbcb6a4664e97b6f8b68babc
1395,71593c7413973a1e160057b80d4958f6
1396,715bbd5ba4e6b74cb0d2f29eb45058b0
1397,7178e1eaa97257d8b6d4b80efd77a025
1398,7178f9f4dd81dcef02f62acdf8151e01
1399,717b78b0950b51ed00b1471d858b0edc
1400,718539d38d07dd351c76db862760e2e2
1401,71dc18fd8cbf5fd77f45dd8b427abb34
1402,7202e2ba20579a9bd1acb29e61fe71f6
1403,720e6cf846ea7572cbb66b743fb91e6c
1404,7210cd29727d674c00741e5e387b3ccd
1405,72146da5774cabf2632faedcae097a76
1406,7238a95bb63ef7e498389fb863b834a1
1407,7238f877570096ae403c51898fa64566
1408,723a46b89fd5c3ed78ccdf039e33ac63
1409,723cd880edaacdb998898b67c8f9da30
1410,72431a818f97fe6ab9c81eee3e297e54
1411,725af026f869236a8dd0ceb98564d156
1412,725c32fa80c2faacc4fc88450d27314e
1413,7299e27ed73d2ad986de7f7c77d919fa
1414,729b2d09b2a0bdab221076327f13d050
1415,729f06993dac8e860d4f02d7088ca48a
1416,72bc2cce903c872fe376a8faaa81d237
1417,72c38a04bd6a1c3dbc5298425a0db86d
1418,72c5da29406b4234927b81855e7b64f6
1419,72c73be2b085b9d57650dd53eb2004c9
1420,730937bf88cb151eb2eb849f642fc213
1421,7315baebc0572ff220d226283dc66728
1422,731ef20c231d9a7103a425e83fd91271
1423,734def04b237117a09321dd6d8f3f2a2
1424,7354220fb240bde543b3c40c060d41e7
1425,7357b52d27cbaa90f81a96cbc1279396
1426,739c7d7be81f63812dea0d1b1451c651
1427,73a63f72308aa20a46f4b1632018f196
1428,73b8eb4a9a729d4019b24ed1be748cbf
1429,73da1880b39c71de2b262bc7720c1494
1430,740205fedfe4e90ca6857bc77db0f2b4
1431,7402d13c03a7e91366337cd1de471144
1432,741f8c587cb4248ebc5b779a0e8e0e51
1433,744dac408745240a2c2528fb1b6028f3
1434,74636e24f01da9268b0ed88dacd8513e
1435,747c1cdcd1737dcfbd1547f6eb6f2cf3
1436,747e73c01a4593d4cf60dcf970fd2689
1437,74871d19219c7d518d0090283e03c137
1438,7494d0dcba8551df6cf37f1b905dc2f7
1439,749e7cdabbaf72f16677859e27874ba5
1440,74a9b9bddf14ece02beb81f52c41a88d
1441,74bafed391319577bce6f4d2acc0589a
1442,74c7dec0a384d8a05950e629bd23bde9
1443,750303a20e9c56b2a6bc45cdce0b897d
1444,751bdc4d83a466c7206cd42e8f426b03
1445,751e274377499a8503fd6243ad9c56f6
1446,75745ef7bc7d4f3ea3380f6f5303f514
1447,7586919161935337bf6b6d7ff5779648
1448,75a4764c108403a7a0575140cb22287c
1449,75d34ebb1bd0bd7dde40dd507b8169c3
1450,75fbb52eda0cbc24f479d3b2fbfa8d3e
1451,75fdd0a732287f9497b179f6bd445d32
1452,761681a821d8275bc79f552116d06869
1453,762ed976527cddf02787edba70fffa2a
1454,762fafdaa57a532ee0119731697579dd
1455,76623fde66e6b63b59440fd34160512d
1456,7681ef142fd2c19048da7430856b5588
1457,76833248bbc0e65a0293ec62023e4396
1458,768a86e36ad6aae3d03ee3c6433d61df
1459,768de2a4fc06aacecb9a586ccc30746a
1460,76c47a299e4a8fe992316a85865acbe9
1461,76d336555bb25f3165d2f0d6da719c40
1462,76d5af76d0271110f9af36c92573f765
1463,76d64c4aca3a7baf218bf93ef7fa768d
1464,76de363de16dacc923eec8daf91df504
1465,76ea5315acb3f5f7ade3cd261faf922a
1466,77128dec4bec4878c37ab7d6169d6f26
1467,7722b1df1b0e383e000397b2c11e3e19
1468,77530e9772f57a62c906e1c21538ab82
1469,77714512e8d4dda9c234da8e3faf16e4
1470,777a0c55737f34ffeb78010f7542ab41
1471,778323240ce2830d68aab11794e00bfb
1472,77a515caa36327151d1cc6c32a9f00e1
1473,77dcbb67ccb3659bd58eaf5661560a30
1474,77e4abfd739aed9c46480f90f81c0eb4
1475,77fccaae319668a8ab6cd0fd16aec48c
1476,7813ea3ebd9411dc600b4dd01f7a97b9
1477,7816cd9c5b1238e320545f5bf7eb80e8
1478,781a66c0d89e30814d49fe8b5e14cd07
1479,782f78b632a43875dd5b53e3e49c9564
1480,784ba75dd9d20200c4caed3d7a77141a
1481,78744a20ee2f80ba64f6804c25def2b8
1482,78813699ffac347fe27dba345a5f1551
1483,788e857f317e53de488d393e65a80f45
1484,788f22bafdd7ab0e1e79f19db72f16a4
1485,78a4d36f65a019172c6154468831a69f
1486,78ba5933c21686d1c2f64669c8c459e7
1487,78c99c6dff4eeae5be99bf635ed21e3f
1488,78ef7e885d17f35e2382a47aae8b8cce
1489,7901646fdd36a55f564ffaf2dbccaaf7
1490,791cfcfe22fe4a771ece27f90017da92
1491,79565f7d5603b24ddf07ade262547f2f
1492,7957cac1a02f45d0a4a7e45626382ec2
1493,7963e546f34e098b578f9ad102494601
1494,7994081388d55b9cf976c050653dd359
1495,7994b065a7ffb14e71c6312cf87b9de2
1496,79a679c36c08d606b3fd47ead9de109b
1497,79b93a308a97792cf53ac75f46da00b5
1498,79ebd9a61bac3eaf882805ed4ecfa12a
1499,79ed755314cfe6df0daef2c6cd3022cd
1500,79ee721b6f766066a80264402548d359
1501,7a073a40a9d3f1fee8bc45670ea1e909
1502,7a188843479798ca813108fa7b959286
1503,7a241947449cc45dbfda4f9d0798d9d0
1504,7a2d2949aea47fab95fd98d6c9f618b1
1505,7a425d299613df3e613bcf9d2eaf5c49
1506,7a67c85e85bb2ce8582c35f2203ad736
1507,7a704e63bb29c446869efde5d57524c8
1508,7a91bf945c6fae0779f1c61ce97fe45c
1509,7a9c12e235c36247c3c81f50d6ea9cea
1510,7aa4334be125fcdd2ba64b3180029f14
1511,7aa538dd6e114e503a2e6154ea352253
1512,7ab0dd5487bab2dc835337b244f689fb
1513,7ad32824caee82087b3e2e5f33b1bf32
1514,7ad41305e96a6cab8294cd65891e9a86
1515,7adbd3210a7b3cc2235e225eef33574d
1516,7ade73f1b9b4e965f9009a4c3a7e2c15
1517,7b07b3c7487f0ea825fc6df75abd658b
1518,7b0df942f46435babab05d49b744b2c4
1519,7b1222c3624aa89b9558b50a2594188c
1520,7b3447b497e55af8c15fc7bd89d7b81a
1521,7b3f6ce5c6c22e9b96e7581ebf0df6e1
1522,7b7ed56ae755e2880f2b69632e839c1e
1523,7b7f91e98f8c6def45a1407923304402
1524,7b8e8ec35bad4b0ef7e3963650b0a87b
1525,7b98de631987e26dd6d803490c43a13c
1526,7bac63f6603d382cc8d0832eb6c100a8
1527,7bb8fac2913a6064ec412e583c6d8b4d
1528,7bcd7c5f8631701474db233ccf1c094b
1529,7c1fea10b5b006671d608b1d7c446ec4
1530,7c4402417d51474d4d0cda9557340e40
1531,7c4618c82226628831613e95e9c22f44
1532,7c462184585ae80bd6e5774c62ce50f2
1533,7c4adcc13272c0e26fa23aac642adb7b
1534,7c51de0ab286204ce75ff42bf7c10d92
1535,7c5b05cbdb5542049f38d90d7815b97d
1536,7c67e1448b00f6e969d365cea6b010ab
1537,7c9130f5f3729edd32aa059141d92484
1538,7caa63f175b1cecbfaadd8b5ab9998c7
1539,7cb946b1ad19faebe28c3e86c2794ec3
1540,7cf4ea70955b00d6b3c22542598e2715
1541,7d13fca15225358621be4086e1eb0964
1542,7d294cf9a6a69dc6a0c3e540fff0e039
1543,7d456afc660226829370f3173d14520c
1544,7d484ca289afaac6bf5fc6a1e96d2226
1545,7d76b645482be4a332374e8223836592
1546,7d7866a99a8656a42c7ff6352a433410
1547,7d7d2b7a51328016102d4528c411d630
1548,7d81e74a4755b552267cd5e081563028
1549,7d948535954aaf8c5d39db007f74372e
1550,7daca0837f033a41a6f3428c18657533
1551,7dc8c42cc750eeafea6c85712ffee9bf
1552,7dc9a3355bae96dd82008b313d3a456c
1553,7ddcbb64b5bc1ef36ca8c151f6ec77df
1554,7dea6f73af847b42cc3985bd620f994d
1555,7df1fc11cc5cbc518b39faa60cf5d67c
1556,7e1fb0a3ebfb01ffb3a7dae98bf3238d
1557,7e26c750b4cb9f6766f58265ff9ebe95
1558,7e3dde9ffba72d5340f9aaf09b4424be
1559,7e3f87d16fb353f408d467e74fbd8014
1560,7e79d65b5c6f1f544b7daea036acf720
1561,7e93a43ef30c4f03f38b393420bc753a
1562,7e959205cebc10adefcb331f934238a4
1563,7ea5bfa6c340f58f8e71fc1f0412b0d6
1564,7ecd59e5e20407131822c1a68ac59c1f
1565,7ecef8194babfec876ca720714327841
1566,7f02656561b680def9986c0795a8a080
1567,7f152321c60a266edc53af1925ef96c1
1568,7f2617c58d5d06806987308b45654351
1569,7f35f9daf223da737b78738fbae4d977
1570,7f40d06aa0b5f1aa4f41af8c0480e2ef
1571,7f5e4d5efad7e44b91115dd1decb65f3
1572,7f7b8245c336066a1f9933c359f11d77
1573,7fc87cc3e89b3d1d5cabdca32f8485aa
1574,7fdb0720c8d7c9075538b365dc8c3a22
1575,7fe21dd00d2f4943ae09525efa2fd674
1576,7ff588a03c2aeae4fbd23f9ae64b760d
1577,800214c63934acd05d47e84214db8ba8
1578,80146bc52c4f6af5239b23de2a20262b
1579,804287717b9156fb7a787acd9af4fac1
1580,8060d731897e33b5c5ae575ce1e209e1
1581,808d4348b916efa08e766ebad39f61eb
1582,8090490573c6c0aa343a7231ebcb8c86
1583,809413606dbfe5deefd2db646693ef67
1584,80ceebb4ee9b31afb6c6a916a574a1e2
1585,80cfd480be3eb6d6267139f5cb793555
1586,80e6699fe29150b372a0c8a1ebf7dcc8
1587,80f2cf9abf6b5a0e5c612b5eea6646e6
1588,8132b9bd16876e1b0f8808d43825dd48
1589,813348c996469b40f2e028d5429d3495
1590,81336a0f57a33776419727a300249e90
1591,8160255418d5aaa7dbdc9f4c64ebda44
1592,817245bcc3badd82bbd222e0366951a6
1593,81783131d2a97c8d44d406a4be81b5d9
1594,817f85dbb65aa3e70831d90fe75cdf89
1595,8185694b58b2ba6de20fd41ae608bbea
1596,818d28f936e791926d33bcb6ee94ef79
1597,81a1104df0f08b59c68aa5b03cfe398e
1598,81ed90f07c0bacb7594940ba2ef676aa
1599,81f89e42267213cb94da7ddc301651da
1600,820c7c9eaf76d2b226b6c242bcf3f34d
1601,820cc752a266cdc6c1a1e61dd4583330
1602,821fb029fc6e495ca4f08a35d51e53a5
1603,822166ed1e47908f7cfb49946d03c726
1604,822b63912576852aea9a8436d72317b7
1605,822bad9bc42b51213ba522fe87b7ab5d
1606,827f8f69dfa529c561901c4f2e0f332f
1607,82921991ff5b557b045605b8bbf08d49
1608,82bd0703a4aefd6b599e5bfdaed378fb
1609,82cb9f452fe8334df74b22d37824b431
1610,82e0a475a88cc9595229d8029273f045
1611,830379336fad8c6f3b15a4a3ddb5c66e
1612,83353a83fd769dfafa4f21a72b15e3e5
1613,834f3294fba9f932f56edc879193f925
1614,834f8533b2ecb6598dd004ff3de7203a
1615,835f0f7810c76831d6c7d24c7a646d4d
1616,83645b1645cdee8953ee54c29ceed564
1617,8378eb36b6b70c5734e83ad7b8cdc3b7
1618,83a75eea11694e36e56dd0cb2240229a
1619,83b08de96980757220871b31bf6cffca
1620,83c465a786b06574376909b35ef6752a
1621,83c8aafbefb034674a70de0eac5b8954
1622,83d458c0d6d4f94295d63f091460bd60
1623,83d7070a0b9a8b4625fa8682b819fabb
1624,83deb69e889cf80f82be1dc6d5f2d486
1625,83e197e95a1bbabc8c75e883ed016c47
1626,83f2b4881141ce3fcd4e985125d3279e
1627,8444e55c1f13cd5c179851e5ca5ebd00
1628,845e8036c3f7bf62099352f5ed910240
1629,8476243f92442881ddd5b578975cf115
1630,84c945f15571830c1a91a33978e94009
1631,84deb808079d1be601c209c1e771b1cc
1632,8501d82f68d23148b6d78bb7c4a42037
1633,85044848b1b767db2a4a58526adef4b4
1634,850857dfac77488c307e2b1cbd84ab5a
1635,850913d59ce317156b00f3705f1c3edb
1636,850f4f8af5ea87287ac68de36e29107f
1637,851773c885feb5e2da3b4f82bc2b17ce
1638,855668e0971d4dfd7bef1b6a4133b41b
1639,8581055ce74af1daba164fdbd55a40de
1640,85cc55e048b6bcc90c75afe7f0e72f72
1641,85d9eb9ddc5d00ca9336a2219c97bb13
1642,85e7c62c1d6ea078c3897424f867a7c8
1643,85ecf03781da592876b7844acc1b729f
1644,8602a61d680a10a82cceeeda0d99ea3d
1645,8603f0038fe0e52fedd3382d266723de
1646,8629a7efec1aab257e58cda559f03ba7
1647,8629c241b3622ac12cd4118afdc8d394
1648,863d2ebcd347ce4922de7a0f9a5581d6
1649,8648b1e89e9b349e32d3741b30ec737e
1650,86649b1632b1c0e6c0bcb2c90a8b75d8
1651,866558b3bccef2dbc6d29a2b5995016f
1652,86bb7c4b535e49a541baf3266b1c95b1
1653,86bf77bdb52e615674772d5817c6212f
1654,86ccac0b835037332a596a33b6949ee1
1655,86ff3eaef0267069cc891a2ed9d10a17
1656,870d0118f7a9d85960f29ad89d5d989a
1657,87142160b41353c4e5fca2360caf6f92
1658,8759e7aedd644f487315e5860962f162
1659,876182d1918783bbe15233febfbd4926
1660,87b4428a334b8f676fd9a7f3bf544fb5
1661,87b740daf17b5d1be335a64164ec6842
1662,87d30a6a0cbf89356e49324971ab1d24
1663,87d3c3aeb3ead335511b3ce315eb341e
1664,87d73636a3acf123e842bb890a4db036
1665,87e24fc7052259b1f7f607d61c10d8be
1666,87f3e35268860433e13d577825aada95
1667,880ce4951cf857ab1d9e0b75c1d856f4
1668,880eda903e719a5f179f7e9fceb3a69d
1669,883dd81e82754ac2c65e9790a7db8c9a
1670,88460e8ebdecbfecb5f9601833981930
1671,888faa8bfb0b159c37de6d898b961c31
1672,889009a0ed0bb52c87819941192931b8
1673,88ae906ea2acf6971f26c3e8b7cb4357
1674,88af55b4a7ca402b27df16f7c7c9b5d2
1675,88cd3681e0a2ba85e190f7d817629c4c
1676,88cf19ec1fc2c58f161aee259d57142c
1677,88ef59b51bdaa941d10a853429f2b6ce
1678,891071be6ba827b591264c90c2ae8a63
1679,8931a84a914b3fe9b1ddaa4d704947ca
1680,8936ba0de1073ee888cb3185ae5dc661
1681,897060da8b9a21f655304d50fd935913
1682,89757206b887aed36f3e18d858460fea
1683,89a51f50b8095ea78d5768f34c13a76f
1684,89ad3263c0931c47f976d7c5778e60f6
1685,89bc797e2e29667aa035d4368f9b7f92
1686,89c127985a8b130cfa45c1d36764017a
1687,89d9a386b0b6e5fc8403071b03f7206a
1688,89dda63a3c907c468ec88c310ed91213
1689,89de2d6f23e9746ff309705b23581faa
1690,89f69225956f951295ca4c7fb1266553
1691,8a130737016f838139d31878787a39c9
1692,8a1ff5c35f6595a73fef4c7b96e4908a
1693,8a207b6080964f3c1fc9d35bd6096ba4
1694,8a2d12a90e92f012ce5226fc6592b653
1695,8a32e327fe2c1b3511609d81aaf9f042
1696,8a40ae794fa3f9892cee24bd5af0488b
1697,8a43128d7f9a3db592b866e6861a6cce
1698,8a432f4e5b471f8da497d7dc517666e2
1699,8a87611c08849ffeeccab52aa798b6c7
1700,8a8835a43bda99fd37310ad76c457510
1701,8a9260f2b0340411d6d2a56bcf4f7378
1702,8ab42aa58097fd4668d60cc648225d5f
1703,8ae520247981aa06bc94abddf5f46d34
1704,8b11118053756a9a2932f447e11fc1b5
1705,8b181ee5518df84f18f4e1a43fe07923
1706,8b2492b7ff4468839593fafeed55bad9
1707,8b28d096634035667e8263d57ba3368c
1708,8b2d4ab22f42c5cfc338b846decfda60
1709,8b321bb669392f5163d04c59e235e066
1710,8b655f0855926bcb49f5835d38dfddf6
1711,8b87cd0d43d49b9bdf40f56229364d59
1712,8b8cfc8305aa441e4239358c9f6f2485
1713,8b9d6eec4a7eb7d0f9d579ce0b38324d
1714,8bb48dc19fccaa8613b6229bf7f452a2
1715,8bd0e3abda539b9479c4b44a691be1ec
1716,8bd0f31cf0a614c658f6763bd02dea69
1717,8bdd8e3fd58bafa48af76b2c5fd71974
1718,8c0de775f52fe41590b376a3b7c50f68
1719,8c16d1f32a54d92897cc437244442e1b
1720,8c351ed7c326c62123318f4f3246e906
1721,8c3b533c63cca56240f94f1e3a6b18ef
1722,8c5e007d7bd5693fa1386ffefbc99f6c
1723,8c91bfea4263b8fba54081460693e2a1
1724,8c9348f33ae3dada25c99c99ade2af78
1725,8ca1551acf9832a4cf467bbbac15851f
1726,8ca5b19e0263150d2c57afdde2b3d011
1727,8cb7c5ddf41f4d506eba76e9a4702a25
1728,8cbac7e12637ed9cffa18c7875207478
1729,8cc6a0e5738e61a87b03c78b2ba9db4b
1730,8ccf3cf69651cc1d8a02c8bfaf3b8568
1731,8cf21434553b02cbd37c0bbd07e041b0
1732,8d46553a36e68f95350a200c12f8f2e2
1733,8d79c8a04e42d722a75097ce5cbcf2ef
1734,8d899e15a5925f097cca50faa49b15e3
1735,8d92f3ea807b89465643c219455e7369
1736,8d956fec2e4337affcb520f56fd8cbfd
1737,8daab2245ebdc277c51098d01c5ad8ef
1738,8dd386be0767c330276ea6a3f96532d3
1739,8de8fe3af4449ed695d2434c933ed73e
1740,8def3db7f272735afb2ecd03aeca09a7
1741,8dfbc5ff27df12f6cef751d3b9554222
1742,8e29d051f810eb22959ede205b462b9f
1743,8e2b3afb420011ef0c88c9d5f11ea526
1744,8e34331b7eedd03be4e5d965c1956225
1745,8e4f041ff58e7845456d3482524014b3
1746,8e670472e453ba34a379331513d6aab1
1747,8e6cc767478edae941d9bd9eb778d77a
1748,8e6d7754bc7e0f22c96d255ebda59eba
1749,8e8a7ce9f2f970dc00e2acf6f6e199f6
1750,8ea394aed8138685abe1eb9f25e1021d
1751,8eb88b0acb3f90a717ad659221471fa7
1752,8ec76bb0965af3f007692b26fa9d6623
1753,8ed8ea9a57c862f2c18c2fe41f601d56
1754,8f0fbe2cd4d472157dc1cdef6edecaa9
1755,8f119a0aee85c0c8fc534629734e94fd
1756,8f2b51a30523cdecddc2f179f351c7d6
1757,8f2ce03f928b567e3d56181ae20ae952
1758,8f54d64f28a993550aa7943f12572959
1759,8f580d36c1e9d6fbce95283403c7d447
1760,8f78f0903005064036736c7173a5c2ed
1761,8fb67a334bacec338885b4e9e1708073
1762,8fb791022c1fc8909664f48ab7dc636d
1763,8fbd63429be6d3e5e6d1a709b6464802
1764,8fbe2ee446b97e128471be4ce983dc0d
1765,8fd3b4468f6425810648177996c14cbd
1766,8fdca8e349553f99bc738833a62c8802
1767,8fe8786ee000001ab51d030dfd4a7bf1
1768,8fec2e460530482132c436cfb5439925
1769,8ff1a9df749e454105c55cda13e79143
1770,8ff38bc3969e67c36c48343a07090f66
1771,8fff28c4263ddec387f28d237fb42773
1772,900ba814c251a692506d7834c1218441
1773,901b460cdce0c64e471230d7f2f9f3a3
1774,902c99f1ac505c0d18778b61bcd636f7
1775,903037660cf848a717166eb7a06d616e
1776,90b36c5aeb728d5504a39f435bef0c5f
1777,90b57083da5d803237da74daec6dcb2b
1778,90d4125885ab6c86e8820a722be71974
1779,910a922b426b7ff95eaee129ad6c0e1f
1780,913fd0ebba70bb919f7254a02239173c
1781,9140bd1d9de28b197dce077bdd687438
1782,9140ef75cc8211c4035935e80e567204
1783,91543f9849d68d023e17194926598543
1784,916748bc99315c2d202898ae58b1617e
1785,916c9de0b5ad957346eeeb12f332687e
1786,918717417d88a9f9ae9735567e6c7682
1787,918f6fbcf3ab724d805867303e593a1b
1788,9198786624eaeb375793215cad26cfa6
1789,91f0eec23d4a61d7d7caeefa3f0ad1ca
1790,91f5779a8731baca4809fdeade81803f
1791,91f848e9f4be368f4318775aac733370
1792,9200e6ce317b67196b6b0bad4d4bd567
1793,921323538c9f1c4e816f2720eac02bea
1794,9261d76c62caaf0b24677c2ceb7f8f20
1795,92992bec39dde5766f590d3b1f46d465
1796,929f342384a6607afe143d789ade1316
1797,92c8bc6e8f925792247656fed09aad65
1798,92d14edfb62ee5ae7fdff70b0f4e7233
1799,92eb0f42c21942b6552362b9b114707d
1800,9315e491484b1b0081ca166fc164108d
1801,933446e9a59dece7ae9175103820ca8f
1802,934ed5cd1b9c1c7382d0a94a94b9e639
1803,939e6227d6964a11a70aa91243e418f2
1804,939f6e231201f26803cb5c3a3d2940b3
1805,93b9a99027bd8bd6af682aff18dd19bf
1806,93bef6edaa84956e8e575016449b6351
1807,93dc87703c046b603023e75222018b45
1808,94144541854e298c2d976cb893b81343
1809,941554c5757b73ba0e50aa7732310afc
1810,94165aea8a35c3c21499cbcae239b16c
1811,94231344608e603693b0a8891143f65d
1812,9449f25aeaf531019b76999ea49a6949
1813,9485a23c0430ba1d58d359391606fce6
1814,94b9108d4b637ba65bb4f1e53cfcf8d8
1815,94c49f20a123aeb9360dbf80ff912bf6
1816,94ca168e8bcb407ab85c5da308863027
1817,94d76e96eedd976258cd3278ce56d5f2
1818,94e93ce877be27a515118dbfd2c2be41
1819,951e8cef368f09bb3f3d03c00ca4702c
1820,9523fb39dd240aa958e040f8183d64f3
1821,9535a841eecebed61a9fb1ac1cbb5597
1822,9539213aa8e023c01937bef95dc006da
1823,954e95f20808d7e5d11f0de292d078e0
1824,9558aa23f77a9e0a0eca83540999f43b
1825,955fee9216a65b617aa5c0531780ce60
1826,9591fc341b1bfb7ef561e2968ec6e011
1827,9596c870880d900012f2e8e6e30d06d7
1828,9599519be538b98748162a2b48248960
1829,95b293867b5862941c9cd74f756a3c68
1830,95cca791657aabeff15a07eb152d7841
1831,95e03ca3d4146e4011985981aeb959b9
1832,95ec4458365c4d11f452ccf538377619
1833,95f83f51203c626648c875dd41874c7f
1834,960945e1a9535cbc0cd6ddd35fbe7ae8
1835,9616352088dcf83a7c06637f4ebf1c80
1836,961dff0a659b4561334372337dd897d9
1837,9646c3513289980f17226a2fc4720dbd
1838,96493fab2fbb13a14d0c0e8772eef5c3
1839,964ff64dc05b13811c6d0f41e0aa5f6b
1840,966cb4760537b1404caedd472cc610a5
1841,9674754b5a0cb32b638cec001178f799
1842,96804ea39d96eb908e7c3afdb671bb9e
1843,968268a686aa05d1f529fb07dff08130
1844,968ee78631915a63fef426d6733d7422
1845,96e5dc09087bad639b4ee193104ec2e5
1846,96f7c797de9ca20efbe14545bed63eec
1847,972d0f9cf61b499a4812cf0bfa3ad3c4
1848,973f21788dfab357250f69a8dcb7ddee
1849,974cf2cb8f4b7add98709c30df02fe10
1850,97512d3fc193b2d1dfcdba0f9d1f0f8a
1851,977f9f63dd360c2a32ece2f93ad6d306
1852,979e9f8b5b39dd243a2550c8b05aecf0
1853,97e4a63591ca439a2b8b7efd20e6e19e
1854,97e50a621f8e801f4baf69e08687c192
1855,97e995629983723d11830a829bc2b246
1856,9803a40e82e45418ab7fb84091af5231
1857,980640c45d7a4635885491d077167e4d
1858,98115075dd26cb8835946fc6086f5d30
1859,984c273121e743dd14767befe6cb17f5
1860,9853a239ab7b7ebbdc3a21248d5b8e1f
1861,985c92cc412091f8529c12d7f23d3fef
1862,989becdce12ebc39863c2bceab6f3ca1
1863,98dac6635aee4995d501a3972e047414
1864,98dddbc4601dd4443ca174359b237166
1865,98e164d549402270247f3c96a1a158ef
1866,98f52e1020fe788c10c0418de4393fec
1867,99002261c568a84cce14d43fcffb43ea
1868,9906e7aa42a3c067b7c9a564d01c4320
1869,994f04b3718c2bab35c2adfa8afecd2a
1870,9996ae921c50e8dff411ac69c0b4bb8b
1871,999f6d9a1c7c81f43be44c6b7d076210
1872,99a25c39b28a74d1151c35c18d178292
1873,99a54764c341d5dc80b4a8fac4eba3fb
1874,99cd94252748d2bdde08e17858233602
1875,99eaacc9e6046db1c82b163c5f84869f
1876,9a03a4e9eb0b947652fae4f6121a3f5e
1877,9a1aea68d3efa00862ec88c0768037d0
1878,9a208dee8f95cfdf00760c4d627828ec
1879,9a84ba99f5367fdbd4598363496f1ea2
1880,9aa388272ee334b6ae07bc73706e254a
1881,9ac4f14370b1e24ddc58be041b7f99df
1882,9ac75591b69c3402684b6ce0310f22ee
1883,9add47bf45ce8e8c7db6b9cf670b1e09
1884,9b00cad94ef3078faf6fba2e792c158f
1885,9b00ed88b7fdb95d6ff76e27c1b52d16
1886,9b013e03b2ab786505a1d3b5c0756754
1887,9b1050e85becf3ae99c1cf4934c9bc5d
1888,9b1585752613ec342d03bbab9997ec48
1889,9b1ab052f5fca308ba743ac789ebb2e1
1890,9b1f656ca3060f8af17a50d8a024b533
1891,9b522ba7eae9e1d04082f267144583cc
1892,9b76ad3d04236f76bc71c59470305e13
1893,9bade61a92bed55a25d2b67b9f4ed739
1894,9baf5cb77970f539089d09a38bcec5c3
1895,9bc484c87d79cd4874e05ca182658045
1896,9bcdfa7b615b3abb9461d9e3ad9886ae
1897,9bf11dfc0bec77e5a23028043c3c5a8f
1898,9c068d10aca38e85c50202e17b4a7e88
1899,9c0e69c7bf2619675bbadf47b43f655a
1900,9c1c0c36cd23c20897e473901a8fb149
1901,9c351405b754cc5ce3e2ecf277bb034a
1902,9c3a1c416c765687bc79a04113269929
1903,9c3c24eca51c52b91c1de727d2a2ae06
1904,9c4d31c7e46ab03a43fc06e3142afd4e
1905,9c54608f0996c32ae4743089d915f845
1906,9c57bc60cfad5ee62d35d3f1ce4593a1
1907,9c690ceacd5c66731bf443ea810195cb
1908,9c7fd21e0aa159b20da593371f08ff7c
1909,9cad4b68bb993ee401a3c5aaa2bc26dd
1910,9cea4682e16655f7da87f406902e989e
1911,9cf787a239c1aa29dbd76f153dc13f9a
1912,9d213f303afae4983637247556438ede
1913,9d39404483343dd55c7ae254494d8388
1914,9d489893ff6af05029671b785f54b998
1915,9d4db00d65d7760644ac0c14edb5fd86
1916,9d5604a1f112324ad6b2aa552122e0fb
1917,9d5a9018aee56acb367ba9c3f05d1d6a
1918,9d681c7e12db302cb261e721040dde65
1919,9d69ba0a7a626a64dc5db08e529559cf
1920,9d7a1d34a5052409006425275ba1c2b4
1921,9da15f4a4ea758d9eeb49000dbe57e22
1922,9da1ca0bef29ee170e541927a5aeabdc
1923,9dc79dd988ac42f4d56c340d7048420a
1924,9dd459b29a14bf89d47183cf2cd0e4c7
1925,9dd59e43f0c9f0553244e8f9c2fb247e
1926,9dda5bbacd45e18d6485fee649205d09
1927,9de4643a8dbde634fe55621059d92273
1928,9df5750209b83567ec144eb299d7d634
1929,9e17b9d64683aebcbb9ee362d06463b4
1930,9e25199f6ef7e7c347120ff175652c3b
1931,9e6229250fedbe05838fef417b74e7fb
1932,9e6967d3cf386d284251784b18ccb485
1933,9e7c5f4d7770eab65738cca38f9efccf
1934,9e94fa26a70ede4d26226e918e8706a2
1935,9e9b539eb2806acee3f5c28085c1db9f
1936,9ed65337433adfbedefd23dd76eaa494
1937,9ef932e837d8b7f392c0bfee9d359dc2
1938,9f50216bfd01913736a55a11b55ea842
1939,9f505651f4a6abe901a56cdc21508025
1940,9f56a7a649097b166d8ed286ad86a15c
1941,9fbd5666d8618fa571c4230fafa09bd6
1942,9fc70243fb26800cba56e8f014797004
1943,9fe7c6641c79970ab48185498f547c09
1944,a00824eb9093d40e589b940ec45c4eb0
1945,a0415d9b25ede3c4b1e477e9916ffc03
1946,a066df7361163e7ddc5d7452dd17448b
1947,a06c8ff043abea0528ee44171e2140a2
1948,a080fc8a850289b27500f6b49cca2553
1949,a08692680c77d30a0b4280da5df01c5a
1950,a09a13f18ed27932d08438aa6f12756e
1951,a0a14e50070f3225b3eabba5b85da517
1952,a0d7fbb07bb5ebc3b05980e750db56f3
1953,a0e19590a0923cdd0614ea9427713ced
1954,a1040efe9ff4a6f93c28b0499eada8f5
1955,a1043bafd471dff536d0c462352beb48
1956,a11a0e0ca67423425691db355cff69b0
1957,a13580f0e8f782b7a543885a0ef99f08
1958,a13aaf2d2886ab9fb30fb9a920160b8f
1959,a1474fd46fd3430168f7ec202da39408
1960,a150c540f572d0fb53992264bc5c10b5
1961,a1544b9ea0b2390e020537d4daa89049
1962,a154d7316f158bb42e6fa18bbe3afd3a
1963,a17f621c590ea0fab3d5d883e1630ec6
1964,a1bea7061f61f6fdd9a85a6325ba1033
1965,a1bea9970d8f65b240555f99c2214f7f
1966,a1ed30492b3b798bc121845bc4aa7366
1967,a20d8058c866dbaeca014d2cd20ac62e
1968,a213f1bd6458f4a158f3746cb2514559
1969,a218df5c097b0ca409cfaac1488cc7f6
1970,a21c11ec5c3f03e7cc9f9203bff9e1c6
1971,a23266650e7c84bb93fbbba502137478
1972,a247197e2e9c19a6a53a6888cb8b660f
1973,a254c682cc01e119f83530446f1df9a9
1974,a2a41aedb70551d4a85aa04dc2fced48
1975,a2b5b6105ea5942300631d2e76f4ffe0
1976,a2b911e9ad40dc7d61c142a4683e2d85
1977,a2deecd5398f5df4987110c80a1972a3
1978,a2e85714b56b1cb6bb24a9a6e6cad36f
1979,a2e874074c877c5a05abae80ad6e488f
1980,a2fa0bdc798ee84cdb08281337cf4fb6
1981,a3082f442524a1be452e3189e003b361
1982,a35124e2d763d7ca3fbe3b97d143200f
1983,a353b1083c9863d756d9404695016d64
1984,a35ef466c6fd6d052f5d241240d3c5e2
1985,a369d693961cb93b61ca2cc518872a85
1986,a36ac007a4d18f865c8d32c3b2402c2d
1987,a36b125ac6d5fdbc7f50de85c9157bdc
1988,a37c340b91cb0169e8b029db6440fba2
1989,a3a38f4affed601eb87a97788c949667
1990,a3b0df0065e264a91b7bbf5f844af5cd
1991,a3b42d266fa8afc874b909422ce88582
1992,a3dd39f583bc80bd8c5901c95878921e
1993,a3e9a2c700480d9bb01fba070ba80a0e
1994,a3f0b55de503387383c7b1de3ad7f678
1995,a3fa18b3f688ec0fca3eb8bfcbd2d5b3
1996,a414555ce331b8c8aea4a9cb8395194d
1997,a416b6a846a11724393025641d4edd5e
1998,a420f60ff1aa9acc80d0e42959f2b313
1999,a425f92c199eb576938df686728acd20
2000,a435b009cd956ea60748b5cfbddf2e24
2001,a44fb5a447105f8469bdf16bf9159f25
2002,a45314082d50d578a4721c9787ce09ab
2003,a45765f8afb1e594b22bf9e974b46765
2004,a478c7961d6a992065b24e63b366f90b
2005,a49928bcdf77c55c6d6e05e09a9b4ca5
2006,a4b6b9b992b46e9ef863637af96e04bc
2007,a4b8d97cd5d3674eeff96abc99d8ed67
2008,a4bd6e9adf39b63f43dc545d3ca1f53d
2009,a4e634166243bbb3a13fa584463fa468
2010,a4fc6eadaff1576af888509a53420f6a
2011,a513150f33f99a06569e9cd5c4bb889b
2012,a5259c149128e82c9d6d46e0c1c812bb
2013,a53f60f05f822b5c621a50ff6a5cb362
2014,a56a8043ebf66e42119618fb8cf232c6
2015,a56e351445e5863fc8960640ba9190c7
2016,a5a1bfcf728ab0e19182959cf0771ee4
2017,a5bff0f43eb51f0cad7c37fac7244c8a
2018,a5cba26a62b8b4d0145b68b841e62e7f
2019,a5dd1946fb63ada8bcaa0c9cd8f11e22
2020,a5ff20ff766e7f50bd5066f33da14413
2021,a61cc04793308395a840807104365121
2022,a63bfbaa882c8f4542891b4e2246cc7f
2023,a64e44665225d19dfc0277eeeaaccc57
2024,a663d9c3797e90eac99ff60939416a56
2025,a673821011d0cec28146ea42f5ab767f
2026,a67780aba9dd436e7ac0aa1f889e73ec
2027,a69aa24cec11168e7e39a3fbc727e925
2028,a6bd7d1ccdac48c6b33b28596b7eb122
2029,a6fe7de3d16f6149ffe280349a8535a0
2030,a70e9066dbfd10b6b97a3f54a1356762
2031,a72c2f59332659e361d647515c698798
2032,a72f15980dc3e9bfd1a49ac9b2f3af65
2033,a7a9b880c49781da66651ccf4ba9ac38
2034,a7b7354cc588f7566a848bcbb1ce3d96
2035,a7c53f6b3b61adbdaa99dda97e8cbd56
2036,a7c88262832dfc683781d6a421edefae
2037,a7d0f8dd44f57ef6de7f7f02e3d82630
2038,a7dc4098e4da6e41b426269d12ae7e91
2039,a7ecf689b40a44361e259b28939023e4
2040,a7f13822ceb966b076af67121f87b063
2041,a806a4bb063ea7ca6d374eafa50a6058
2042,a81466620e46a6970b22ef40379fdfc9
2043,a8739afb32aaa45e01815ca76f76f54b
2044,a888faf2d1baececa6baf9c3d603ee1f
2045,a89e143d5211473ae18db9577ee34b64
2046,a90a5da8b09e44264a177c0374a5ac87
2047,a938325a4b357fd23a6a4d5bb126408e
2048,a9415cf907dfa12f9ed18693244f5329
2049,a99504ac23ed125aaf5302af6cc30af9
2050,a9ae440659f48b7849df83e82734150b
2051,a9b533a26e898b12e8b8d4c07279bf4d
2052,aa17b35ce4de7b565be3249ba838944f
2053,aa1eb17b9fdf6dfd546e25c45c7b9235
2054,aa2640d851ec322526f1295bbeb20092
2055,aa762680c40618316a896838866140ea
2056,aa8af66c623d7d544dfe4bb85b5ebe3b
2057,aac29b1b99776be73c3049939652091d
2058,aac51c486b672a9850d59f3e84b1cf88
2059,aadfe0417e61315688b6bd7043361e25
2060,aae3bfea055532c57fb453ed3ec80b30
2061,aae5953b9edddf14749c0d65d60eb4b9
2062,aae5e7b457a3c72ee230a47d98fceda5
2063,aaed1309374718fdd995ee4c58c9dfcd
2064,aafe36600ce604f205b86b5084d3d767
2065,ab27bbbad5239bc31a34709275a70db4
2066,ab3e0c171fe84a7ba7de130f19cfb485
2067,ab75b89cc49c9ab3160d0c91565a442a
2068,ab91571efab27993ff2f6b36e38055c3
2069,ab9db4cf53b08b828b64dccaafc2d9f0
2070,aba1721a889e04decc910aa13b768ef4
2071,abbf6046bbdf1028606a5bc7f00c99e7
2072,abc015ebac1d283a323ca9db35ede4b9
2073,abcd2cb37d46c2c8fb1bf071c859fc5b
2074,abe021b01ba992245271b9aa422032df
2075,abe42c5d03695b4257b5c6cbf4e6784e
2076,ac137bac82ffa8548e62bd9d01d2a14f
2077,ac1ed5fc15901fbc92920361eb4ab350
2078,ac3508719a1d8f5b7614b798f70af136
2079,ac51cac5e20d69ff485a54746488ef48
2080,ac6417315ae5da8f9a38ee11de6f7780
2081,ac9b01377919cdbd2a1bbb8d5837c70b
2082,acadd4d36859671cb635527c6c977533
2083,acb6c2ca5c82411c1fdb88d5fd5eb95e
2084,acce39e832338debb07b02385cde5967
2085,ace601496e211a664100321f038f50af
2086,aced59e9b31ef866a94f9e7f29d8d418
2087,acf974e4d5950ad143a247471b831eb9
2088,ad14615bdd492b01b0d97922e87cb87f
2089,ad273c9eb54ecb4532de4bf75bae9e4e
2090,ad420dd0c4f92f8af951ac24b86d0cf5
2091,ad738d3fcf42655ed15c4960b7b6c601
2092,ad75519a07f039025e83795a4418470f
2093,ad781527c93d00d89a11eecd9dcad7c1
2094,ad87df7699e83b8a91822a4a0b765c3a
2095,ad8ada0ffa993cb1197d102d9ab21a3e
2096,ad8b531ae67582f096925cff5630d0d1
2097,ad97a199236354e53fcd91a5a913e9a2
2098,adbc26658d6c7b4b6219f9d934598091
2099,adbe70ab2c97442046d393988c8d1d27
2100,adcf50477d6a1f5d91bb9d54c4903cb5
2101,ade45994b717ccee333492330fbf037b
2102,aded58c8142dedc5494a81f948431fab
2103,ae45ad30c2d2e5913094769690a239d2
2104,ae45df84722b1d15c5f32b23a095746c
2105,ae7ab174effdead6c241e547e4ca13f0
2106,ae8bfdbf1c2a2a2dee92d799db0a31c6
2107,ae9690c6e8fee182c28c9ff8e11ca52c
2108,aeb36d67f1414f234d42a29e27cf1f17
2109,aec99834ab5d38ead22766ada8497e87
2110,af3ef48d0e13835e529c29ac573c63e5
2111,af4a0e4cfe1d9c26b6712b1be25a72e5
2112,af7cdac9d9897cddead9c6b08976c642
2113,afa6714acee029b2dfdf357e5579cc03
2114,afac9f6b0c4e5f0a7ee87e922cd0f873
2115,afe0067131b73e40875c9b6c10bd2e21
2116,b00af24704019bd2e1b335e70ad11f7c
2117,b01c2b7b8599b325103ebcddc67413e1
2118,b026643914f651e8371425e5b8a1e780
2119,b0398568231ba5e6734af1881671a317
2120,b05b432bf68945d4d9783f9e3ca29ee8
2121,b080809eaacb49e5ca07290981472431
2122,b0b346d3a89f5eb4c2968af3f083cd43
2123,b0f2a6122a90a93eb03e68653dd960e3
2124,b1204cfda1d4948679db3cfc0d3cb95c
2125,b127efdabeffb5d559349c7b172eb75d
2126,b12cfd255810394b60caef18ae163547
2127,b14db04aa7881970e83ffa9426897925
2128,b16d3dadc47d4eb18be3d88bad0775ce
2129,b17b679f4f5ce2e03ce6968c62648246
2130,b18871c324516afa228a13e8f1ef0ae9
2131,b18dc380845b24038cfc48006478f099
2132,b19c48688808720822399ffa9f2dbe2f
2133,b19f3ca2ea475913750f25a5c37c8d8f
2134,b1a81260566c1bac3114a6d124413f27
2135,b1aaae6b66ad3c40f54b389d7ea4bee0
2136,b1ac6ea7895bc3dd6f0f6f4abbdd2821
2137,b1b3948701c5c72445495bd161b83a4c
2138,b1fc4f64df5a0e8b6913ab38803c57a9
2139,b1fecf4da1fa2689bccffa0121953643
2140,b2479f944e1b90cf8a5de1bbfde284d6
2141,b248792ac0b60ec3f93d80af1b4fae47
2142,b26741d31a563d769b4af0465ab20c56
2143,b274baf5bbd142410eb2958cf685d684
2144,b29d3380981c51df13fc6fbe87e1763d
2145,b2a6d334e2833acea353624840e25a0e
2146,b2ac621f0d0322434d04a12b078b9369
2147,b2ba3715d723d245138f291a6fe42594
2148,b2bdc5e7940a7d7ca8c4a37953b27a42
2149,b2c97074649f92197d9387d9033dda5f
2150,b2eecf5ea250510da76590ca79d60e5d
2151,b2f4d63c7203f539a78252565ca32257
2152,b32be1695eb7ec5f10f72d9610a12527
2153,b335c59ab742f751a85db9c411a86739
2154,b33aaadd1a8891d2dfef0c4c3bdf0371
2155,b33e7c55446eabf8fe1a42d037ac7d6d
2156,b347677812ea483b0f528eaf8cbc09b7
2157,b372ee768ed69e46ca8cdbd267aa7a38
2158,b37c4c02bda3161a7546a4e6d222d5b2
2159,b3809b8d4394588a47c8470ea331e135
2160,b39d7fe263ef469605dbb32608aee0af
2161,b3b17aab11f273023a5f22ca52e1eb70
2162,b3e2faf2c1004d674f16a3aa3197f0e1
2163,b3f19518fcec265b2e97af287725f981
2164,b410bdd36d5db7a65dcd42b7ead933b8
2165,b416191c9813d821a295cfabafff4161
2166,b43d8b707f887a30f4675391098354a0
2167,b44dbfbf62e52125f3c15d230569ea91
2168,b452cb0ae35044c4a53179c39f49fb06
2169,b45d7ebfb7378630f1bcd74b6ff86ff7
2170,b494891378bd8f4560abe576c52deacd
2171,b499c00f28f4b7069ff6550af8c1348a
2172,b4a476fbd28de64b1e347abf9089366a
2173,b4b447d715f9ab302a188fb43d3e96b3
2174,b4f8921fcc4ff77b66bea6dda43dcd51
2175,b4ffb71f0cb1b1c3d63fad021ecf93e1
2176,b55638ad525e906c698fa2ce742c1742
2177,b561927807645834b59ef0d16ba55a24
2178,b566ab0ef88016e00422755e305103c6
2179,b56828a9f9027f3c918c04ca720d9e3c
2180,b56906f7fd1696e043f1bcce164c487b
2181,b57e8460909fa137df7951b4a3b5ea84
2182,b586cd24c010a13916af621b0325fbba
2183,b5abf4f36adc043117b4fca82c22984c
2184,b5b800c4065bebf4d3442311c9857344
2185,b5bb2b985208834bd5bd86c7a402bbad
2186,b5d034ac251546e25afe9067f05c1539
2187,b5dd7151a92ccaaa282cbe9681a05f44
2188,b5e3e38609125694d2ea2417522a60b7
2189,b5f0712d22a873b6797ab6cc65c3fcba
2190,b5f49fe968dff6b112861e6cd8e192ef
2191,b64d51f0435e884e8de603b1655155ae
2192,b67d6c666e8dce1d078c882825e12704
2193,b6c6854d4d92a5f6f46be8869da3fa1a
2194,b6d44737c043328708f6749c2dbe50bd
2195,b6dc74ed30f124f95227bed4e43a3bed
2196,b6e1504972665f739dec4facb9943775
2197,b6f52e346160519c24a23af05410ad32
2198,b74d1c09cb380e1d03a6f859c6f4224b
2199,b76a1f8356322f12529c37b67d5c96c2
2200,b76dba6c951ab00dc4edf0a1aa88037e
2201,b76f4d90e85657a240495c876313adc5
2202,b77a27b1864483e721dc831d5ba4afa0
2203,b7ba853e9551f4558440881fd3e5c815
2204,b7cc6c5e001441ae8cdd5c69a480cbe4
2205,b7d5b4b87af9d42b601865d3f3810bff
2206,b7e1750c1157341d2abd0251e07c186b
2207,b7ed9fb14c8eadb37adb9c45d67ab0fb
2208,b8114f2f589a6804810f04f99b36b498
2209,b81e3a6c866a764974fe849821abeebd
2210,b839e41795b7f3ad94cc2014a52f6796
2211,b83cedfb587e7911540e3f576d6917ce
2212,b8555308bfdb4ca1ed54325a58da9a97
2213,b8578d2d823bd8e251f6fdd02b40902d
2214,b8630e1121437d41cb08e3c749c2c2e2
2215,b86a47b3366e3b5424a7b225781f4908
2216,b87a7ea0c30fad2dd6781b74a0064859
2217,b88e7c57cb2d8b973b7dd4a2bfa14b36
2218,b8a0adc91af209270c2c725168eb00fd
2219,b8bc237ba3788b23da09c0f1f3a3288c
2220,b8d890108a7a80e4f5d59eea9f362438
2221,b906dd0e57f282c7089171b6ed07982e
2222,b90e891671cffd9557f33a97dc523645
2223,b92e3c8f9738272ff7c59e111e108d7c
2224,b94cc9f10ddc85e4ba73a6f7974e7101
2225,b98b715fe9e276204e2a3464f48cd796
2226,b9a03475e6447e631b6799ec8274800f
2227,b9c0ffa92f3ff9a5a3d45ef7213c0842
2228,b9ca8e8baa5d4aa038394a700f63e69f
2229,b9de031b671cd48b28fae9d828cbf2b4
2230,b9ec22de23f18567de0e09d776ca0309
2231,ba143b05f0110f0dc71ad71b4466ce92
2232,ba5daa4041e1f15cdf34b76e3e18a450
2233,ba6b4a237f92479743cf0ca06b67a9ac
2234,ba6b68b55fe8704377a7d43c8e5c0185
2235,ba6ce6de456f6c11d08c17701ba5c26f
2236,ba89796db68db180bd389de96b2ff3b6
2237,ba8e85df286308fe68a2ce83a8f8b2d6
2238,ba90964cff9b9e0e6f32b23b82465f7b
2239,baa49d93c8c8841e27400a300f5d74b2
2240,bab0a8cd684e41ba6e2637dca0979d3b
2241,babcc0ab201e4c60188427cae51a5b8b
2242,bac44fa8e13424950488659b5f765c41
2243,bac692d6c0ed08467878018e6cc9c26c
2244,bacb1f0ed56ad24198f5810d2b3fe9a5
2245,baeda7047354773262ba2405f97038ba
2246,baf15155e37ef5492731459bdc05be8a
2247,bafc5aa11e413978be29040f51342e70
2248,bb135baca94c82fcb731335ad5b04a03
2249,bb2afe2061d53c6968aa0cffa233a8ec
2250,bb3dca718920a4d7ec3cc9ffb025108b
2251,bb5bd94c8f59cc050072d2930c869cac
2252,bb5d956dece964a06c12bceb66b923ae
2253,bb7a14e229b1c95156719c3d9552eeee
2254,bb7ad8a45c027be8ab075b8e465f8ca0
2255,bba3293d6f5d5af2f415e004e8b93ae3
2256,bba74270a87732727b5a3b4fd9ac1c39
2257,bba8d0c234a52b87b3957037a215d1a4
2258,bbad7e518d7af88a0897397ffdca1979
2259,bbaff50f3b708fda865918715276cd87
2260,bbd3acfe6de99892e73940d3fdceaf68
2261,bbe87dce25ba8b38bb61cc7210a3f10b
2262,bbf4a892cac7b82422baa711dffb8997
2263,bbf9ad41dca6603e614efcdad7aab8c4
2264,bc07d855eac23aab5ac8a120f21d16b2
2265,bc2ac6b95e1accce9858528ee566c17e
2266,bc302730ea8cf49b5c74f579febb5bbf
2267,bc30de0d71bd6260b936a026b5cf7200
2268,bc39d8938f90a3a2b98193723ed59774
2269,bc47d5d1490df2b36add65d733eafaba
2270,bc503e244f187939d10c92a5c8e378ce
2271,bc8c8d665ec4664d286be0d521722b19
2272,bca9230d3bbb4efa51872bf605a2f1ad
2273,bcc9dd23e2a8bd8267cf92b19304a1b9
2274,bccf933e006e9b94a6184af782963e77
2275,bcd2d7510d58e293f20fad6438c1b314
2276,bce6a5ecf98e99fd2a8868b15c51f04b
2277,bcf5566870987da7bc811fbc8c5b9fd9
2278,bd0389da23d89b726abf911cccc54596
2279,bd0a1b0aadca9a83d9304f7e8ff5fbd5
2280,bd149ed516d4c5d418d5781f8e18919f
2281,bd15ee794d5e640d9dd71b665b2ab15b
2282,bd1d49a326abfa9b1036772e40445430
2283,bd23da7354813347129d751591d1a6e2
2284,bd43e172d599bed47a85da877172ca8c
2285,bd4431c1a8dfa744b59e1e2a8bc99b9e
2286,bd4889b5e9133b35b66e42a8665cea5c
2287,bd4ff04377f974574f7f0bf9d6ce7dde
2288,bd65d163ded559eb90a10cd09fec178f
2289,bd697db56ff8e7c9cd1abeb7f72029b2
2290,bdae679a9b282249bc23b9b69dae9a99
2291,bdb3edbaee43a761e2d4f258dc08f348
2292,bdf0d02d36a1d839d0c39c4a887cdd49
2293,be1e9e378700cecaa4ebf71433d7915c
2294,be3b4b0f050a6aa1b2d901c4b77e979f
2295,be67f78487e2cecb0d55bc769709e4f5
2296,be7a093e5b4d147b36b72bb1f9e415e5
2297,be8e909810184b9b19e886129149d8e5
2298,be9a160a9011f627c3e121d076c1ec7b
2299,beadbee30901a7f61d031b6b686095ad
2300,bec568278124768c474ee90971ca94d1
2301,bede56095ba33c42038fb85f707b8a42
2302,bee36b4f9a2b9fdcaff6ec05df202ed0
2303,bf00385a5f7fc1ef39a13c2e9ee50a5f
2304,bf0045791395e66460eb04749c68672a
2305,bf0d50a6410d487dc97d2baac0a8c0be
2306,bf100ecb7997df312b285358fb32f92c
2307,bf3c6d2a28b2b5501e6c15448982dcc9
2308,bf84056e679dbe9c69929847a40e338f
2309,bf961104a38e01b9062ee026bb657dee
2310,bfd27a966d91cfaafdb25d076585f0da
2311,bfd938b22bc99bce1ae60dc602889f52
2312,bff9deb0ec77d437f3305a79cf25529e
2313,c003204e1ab016dfa150abc119207b24
2314,c00396cbdd2e088fe4281baa5920aef1
2315,c004e5ea15737026cecaee0447e00b75
2316,c0098efcf800861dcae589affca31408
2317,c013e57c075a06e5b5c48ee03c525719
2318,c026ef0d72e9132d9fa112308090c8dc
2319,c03121937e54a93fcc1825c3098bbb6e
2320,c04d70d515d15a7e3db3a73320598566
2321,c0563dd588b775f2e37747ef6ad6c92c
2322,c092292535a57dacd95a8765f5518f87
2323,c0aff2da32c17759d30b22fb0af6649d
2324,c0e0b73d039eb9a99b6ce4cb7a429cd3
2325,c0e6839516f5398edc34adf5f1d53d1a
2326,c0f3eea2e14555b6faeea3dd58c1b1c3
2327,c0f783394e37cd9c9d7f5f81141450fa
2328,c113b8df1fc375bc3d73d29c1b1144d1
2329,c12b92bf1c350f3e6bf88d3596219c86
2330,c12d7463a579237ffb9248bd7cff378b
2331,c13ef0cfbe42f190780f621ce81f2234
2332,c13fb473e7cb8b83ccd543c094df0608
2333,c1552b1dab6e6f760950368ae61fb600
2334,c157bdeedcbc9a8e3c8bf0d87ff24428
2335,c161d1327ebc3a156c09582ab2f59f6c
2336,c18309219e789960add0b2255ca4b091
2337,c1849d4d32d7a6cecd5aa471809d3135
2338,c1d1ebb4745cc43cb6f05e9c8a705c9a
2339,c1dde11f12d05c478f5de2d7319ad3b2
2340,c1ed9e3daf6154542826a6996af0fb8c
2341,c1f12f926d0ba950578b4fa41115cbb6
2342,c200c73f9d7e5a08ca439d6a0803da7c
2343,c240c4061717ac1806ae6ee72be3533b
2344,c24173065483e421f9e5e7f599de101d
2345,c26a2be5b53b7db6b276280da212a779
2346,c26ba52cf8d2f34915f2f6b7ffa0a3f3
2347,c273175f7c6c80fb02f051e2fc6d0d72
2348,c286ec035ee04ba81c97508f0b5df544
2349,c2bda99904207edd1834f03e0022b007
2350,c2d70ce2c5d0a2eb75e78668236e6dc8
2351,c31eff8334d6b3047ed34bebd4d62c36
2352,c3251e13f1bbda6c74e37c160f991e19
2353,c32fc744b9160ac853450488e3cfea93
2354,c33847515fa6305ce6feb1e818569f13
2355,c33a5c3c983090c8b78a28e65052a20d
2356,c353f8fc0ce8344999f17d578eb69a5e
2357,c35672b10ad50968f567ea3f4b91e877
2358,c35affa65afd250151285c5917fc1c8a
2359,c360e4787614ed31ac7a2f95d3b22dc6
2360,c37b2059d4f90d4feead554e5246565e
2361,c3867b4666c7d76867627c2f7fb22e21
2362,c394e193cda3b4225ff2094d32184849
2363,c398bc00a606d33758afd91f4e64fd15
2364,c3aad7dc65449ae90a5e9c3c6c1e78e0
2365,c3acdfac4e3e97ff87529454fbc03642
2366,c3cfdc648177fdbbbb35635a37472c53
2367,c3e1abd72a42fe690fcd89cf5720fe29
2368,c3e2398fcc7e581cda2e546557bf6968
2369,c3ee2331a724e6fc02c4b698b57a73f3
2370,c3f5668699a1b04c0fa61ecea1e2bff6
2371,c3fe93ba3085f92855c97e57f38c8c05
2372,c42fd8e4d47dfb18ce5222f2dd7752f9
2373,c43d924a0f1688ee9fae0efcd6f539d4
2374,c447f8dd3ed213f291d65ef074a268eb
2375,c458e2045a8aa8964f8879af03fdcce6
2376,c4af86330efa7a2620772227d2d670c9
2377,c4b911d06343b21dd906651f8101cb49
2378,c4d51195486dc781531876a7d00453d8
2379,c4f7fee5b0db50e87766f5a4d1b1b758
2380,c4fabeea6e569d42d02993bb1f4f1cbc
2381,c4fb51fb1c5b7c07bc5e67be6e7e8f6e
2382,c500367424994318b9e779ff1ae9a330
2383,c510bc1718f0f2961eaa42a23330681a
2384,c522be04e020c1e7b79f3acff36513d5
2385,c52c644cc0dc85121207a27013efc6af
2386,c53bcd3be457a342a97e39e5a9f0be22
2387,c542f5a8c64d973f30e9df8d06f70b4a
2388,c54679b132454625907c773d273d4126
2389,c5e60e39c0f42b8e827daa13cff74afa
2390,c5ebe6598748b0aeaa61cfb820478b92
2391,c5f7e746b7e6d07def6c0dae9903279b
2392,c5f7feb04a6a1fb3596322bfc3cf1917
2393,c60b801f2d52c7f7f91de00870882a75
2394,c611f4ce9ce875bcc063fa97fd4d7d12
2395,c6218512d16fcac0af02fe92691cf274
2396,c6381b1321d7d97717a5bb4ed5b77882
2397,c6381d2d013342748761e906d45aff76
2398,c64a2aec32cc408a8a4c6d7c46017f91
2399,c66dccfb3f109511246da627dd5a2498
2400,c679fb69a36e1d8349e8c50a217b4d58
2401,c68fb906c8f4b4b946d8386bfa6e5467
2402,c6a7539d424a8402232c2228d7a03c5e
2403,c6bda72e4dbf5c5866b13cb1810c6d03
2404,c70a353f02429c00775a46a75fb787da
2405,c70c1b0d8ca86052f45a432a38b73958
2406,c714262700f93defc16bf17a51a4cb23
2407,c716e0b86ed568878475b60fbb6323ad
2408,c7246702dc991a06d788120dc7544391
2409,c72de06d72748d1a0dfb2125be43ba63
2410,c731d18cea9bf687ffee82a241c25b11
2411,c747d5b92c7648417faea95d36d763e8
2412,c74f14c1e26cf1bd5bd34b6a1e274426
2413,c76d418370990614e89e956c7a7567d9
2414,c79151301b9d90985d1fa52879213105
2415,c794dab4928dd97beb41d05514441e86
2416,c7a0a13cbcf29d5ce51c8f80afdc0b89
2417,c7b7db6c8f3c64a7cc1afa634db21d50
2418,c7bb64409aa480bb7d0335faaaf3d242
2419,c7c7b2682c648339a0e9846bb1023a39
2420,c7dcd301ecfe5ab7f778ac172cf74be7
2421,c7fdb77fdbff3c41981bc52f787e959e
2422,c8025364abeecb115431bf95c11a747f
2423,c8143b3069f6746a77421b5ce30a450c
2424,c826c40d7b19f62a09e2d7c5e7295ee2
2425,c840d3fdbba0790404fdae73d253b253
2426,c8417879a15366a17c30af34c798c332
2427,c84592044b180dec206770c38603814b
2428,c8467937e403e76a8ee9f0ab13f6f5ef
2429,c847e075301870dd144a116762eaff9a
2430,c85d7b477a709c85a1e8b8f25aa1b270
2431,c864036feaab8c1659f65ea4faebe1da
2432,c8660dcf9ba70575f45d80fe28c27713
2433,c8665a4dd081a2c436b1cd921079d0d9
2434,c8771b1a10bb99bb34d3c459c5cffb53
2435,c878515173c84a492ebe50d6b493230b
2436,c87abc38c8ed3240861729e1aeadf221
2437,c88f62b4c386a59281014d677864d016
2438,c89cf7c468a48af70aada384e722f9e2
2439,c8b0e2b0a7095e5d8219575d5e7e1181
2440,c8b3445d737de6befde0c88ede534a5e
2441,c8c1bea22194a4eefa2dc9a9fa89f536
2442,c8cc60ffd415254af5d9b9f34f32c369
2443,c8e135e7b21ecbc36c1153a29d2f5a06
2444,c963a25b8671419c6ce9eebe8fd03218
2445,c97aa4ee7420f937da13b7f9e2228b99
2446,c990d6cf976a5718aaedc539f383ab88
2447,c9a06ece156bb057372c68718ec8909b
2448,c9aafcd0621b2207c10e32c649cada4d
2449,c9c7905cffc4ef9ff9f113554423e671
2450,c9d2ba8dde44a275ae06475ed1d2fafc
2451,c9e5ad1f6647f5dbd1172adf6ae3cada
2452,ca3bd7cd9f149df75950150d010fe4a2
2453,ca4b77513ac2040591b0d8fae6958380
2454,ca5832c6960267b71041f74bb39e8b12
2455,ca77545ca4d2dfd1431bf61334e2fa3c
2456,ca7c6bd577e559472af1c699de9e764e
2457,caa9bc43a9fe8cf9c564ddd8a03cc4a6
2458,cab85505710c7cb9b720bceb52b01cee
2459,cac4c8e7b1ca6252d8f20b2fc1a2e4af
2460,cac4e0bc1a3269fa2b6ea5e763f6115b
2461,cac63f48c38cd7d002a7e846dcd99a23
2462,cac876b37d3abcd6bd76caca30277996
2463,cad10cc982ab6a391570c211b995c17c
2464,cad9969167c09b48ae6f1d123f7fa68d
2465,cb0b3bcf14e0a709df412a99424a59d7
2466,cb162c8eef257253782d245c08d9097c
2467,cb32766839f443db85c82a43c4a6c19e
2468,cb3dd9ce66268c7a3ca7241ac70ab58c
2469,cb41bfbcbda0aea354a834ab222f9a59
2470,cb4a705d00e100b9732d0ca34817d441
2471,cb5df0dcb9e280b1780e9d589889f2c7
2472,cb5ff1b9715e99589f3e0c7a6afab9e3
2473,cb6c9f5888a7a090c75beaf615925792
2474,cb810bd318f51b3dc3c753944d61a1fa
2475,cb8bcce248bb1fb274ba762d8b971456
2476,cb9fb4ca75d7ba8437480e8dde64fe98
2477,cbbd5ae8f53de5f5097cd8217b529e24
2478,cbd996ad3c1b7dc71fd0e5f5df9087e2
2479,cbf09e831b0c11f6f23ffb51004db972
2480,cc1f04647be106ba74e62b21f358af25
2481,cc3d14116804f7209f3884f6367f1152
2482,cc419e0650a3c5ba77189a1882b7556a
2483,cc5a78bbad32776dc4e3af205218368c
2484,cc63f0dd2acba93ffed4fe9f8e0321fa
2485,cc80e2f693fa6e2408f47ccf62413fc1
2486,cca3071e3e9bb7d12640c9fbe2301306
2487,ccada0ef508e698917a6eab263375905
2488,ccb83a794700270fde70898fe9ff368b
2489,ccbd753e6863fe7314dc6c0ca5a074e7
2490,ccc4bbb5f32a6ab2b7066a4130f114e3
2491,cce6ab8d1682639fe45ab70234f1665f
2492,ccf8813e5a7d6c84d865cd38bfc2b130
2493,cd06602b43d8800bd0afad514919d35c
2494,cd2169d9f31ff6fbb9ca3373b0c9e354
2495,cd233f8bfa30ebfd651f47ee7d054951
2496,cd3d09fbe6e3e9ff0c0ac0c300e93ae7
2497,cd52a8efd71af3336b14b5039b951cc1
2498,cd68562d3f44870c08922d380acae552
2499,cd6efc47efaabf134f8bdb654e10b4f1
2500,cd843d4cf8ef32827de0396605163ba3
2501,cda598c48d7c614bc1cad7d8ff6f0010
2502,ce20a2ec1514c25e16f2b5b39bc818f0
2503,ce248b21cb2adc36282ede306b7660e5
2504,ce27a3cc3c8cc1ea79d11e561e9bebb6
2505,ce33c6211beaa8fef4cae8b52db39862
2506,ce3ad9de960102d0677a81f5d0bb7b2d
2507,ce4755084bc097113867e6454f8f5e52
2508,ce616e1913288884e7742faac9d981db
2509,ce69a8021d18961dd2a40269b7c2c293
2510,ce7d1888639e6fb06b2749cbfdac1ff7
2511,cea729054f157f5870bdd321a958d994
2512,ceaec5548eefc6e23e6607c5435102e7
2513,ceb7b4fb9401cd378de7886317ad1b47
2514,cecd97bc34ed8330bd4cd15713eda670
2515,cee48807215b30a12ca2ca10ffb5f250
2516,cf1313c6e2c01c2f4b014f97db4bcd2b
2517,cf2384dd2f1dddea3f838efed0945e65
2518,cf281cf8b7affbdfe751b29cc85580e1
2519,cf654707ed6a99f112c7ec3d6f314b8b
2520,cf6f6bc4df3999b9c6440f124fb2f687
2521,cf8ab1616079e2793aa29d524df01bb1
2522,cfa5ab0e4d3fc212fd0b3410e7081c62
2523,cfb1a033743668a192316f3c6d1d2671
2524,cfd7ddab722b902f7ac5b5f3ba6d723d
2525,cfe94489ddd337d1e29e12f2a7205d10
2526,d03698c2efd04a549382afa6623e27fb
2527,d05ae8f7a5bd1d2a690a44cd079e4e27
2528,d06d019f72a04e5497a0b64190af170c
2529,d0d70d21e2234dd7cd3cf63fe414148a
2530,d101c6da914ae3d53f7bee42283f2fe2
2531,d12c926d74ceff0a90a21184466ce161
2532,d13e50eaa47b4cbe9eb81465865d8cfc
2533,d149de2f383552baea37a7198c2296ce
2534,d1582f4043306e6b91afa6a8a884f898
2535,d17f467e4bf608a510c20d82f4ba3b6b
2536,d180e07dc1e58c31c3f0cd599dc4d945
2537,d197aa8fbc64087f61984deef05f6227
2538,d1a1b40ec554c593a1a99366746289dd
2539,d1a5cc844736958c11b8efab9a2b4c87
2540,d1aa1ec0839dcab73a6161130eb1f94a
2541,d1b65fc7debc3361ea86b5f14c68d2e2
2542,d1b9d4be4b6f9ebd85f8acd6745ba612
2543,d1c281d3ae149232351cd8c8cc885f0d
2544,d1c7fa84e48cfa21a0e595167c1c500e
2545,d1e2fe627180431ffda076abb303c56f
2546,d1ef48b38baca7e831711c4a0aeb398f
2547,d20b021d3efdf267a402c402a48ea64b
2548,d23019c84ffae2d5ef2270367b8605fc
2549,d2374cbcbb3ca4ab1086534108cc3ab7
2550,d2572f31e9023e9850ef986a636ff9bf
2551,d25aa0aaacb370e912f8cf6efeba38b3
2552,d263fa444c1504a75cbca5cc465f592a
2553,d26aa40b90272d4843d63be7c1462c8d
2554,d297f1055de2956aedfd3b04113dce3e
2555,d29ba1220fb8634fa3a107e54497b8a4
2556,d2df77822373f19934e87694d8640767
2557,d2e753bb80b7d4faa77483ed00edc8ca
2558,d2f3e277560ed4c6361284429b00f037
2559,d32e3909cfb714fb2a6cb092c85b9c5f
2560,d354c38a7182125a748cb10474fe963b
2561,d3674f271c91f824f82d24d92011f669
2562,d36b07fd3c5088e477a72d1fccfe29d4
2563,d379f449f2a3b271bc01c0782020f705
2564,d3891911c2feae53c52fea2bd14054e5
2565,d3dcf0604eabf0224fbd5948b5e02f69
2566,d3e7d37c0df9aef383f3f2a15b0dddfb
2567,d3f39f05462b79a4562d35893a28f159
2568,d4828feed4cda2cd9d6b37899a95a71e
2569,d4910f1cdcfdabd48d6b316e395d4a23
2570,d4a5e99e0dd915df64ba55a7fbd583fd
2571,d4d99b60c4c94cd35acd502cec65dc8d
2572,d4e12e7884759a14fa0f5f896c791cae
2573,d4e4b5192cba4e0e66eb12a9d347239d
2574,d4f117125b59ce73c3302f88ee40c458
2575,d4f91e8be86b38da2ee35bc489645a9d
2576,d4ffeb15b67e81ff9af2b4252d99fb7e
2577,d50d79cb34e38265a8649c383dcffd48
2578,d51e0a403fe2e689ece6c73359d96e12
2579,d52cbce9845184537284a23c3bc3da0e
2580,d558ebe531605a1285ab2b1bc3256dfb
2581,d566c37fa119d5e66c4e9052e83ee4ea
2582,d57e18d5f73c7ccb7f7339b61166898d
2583,d58d521f3789def2e7a22715e0badd93
2584,d594982fd877af63ace38ea1fca27c76
2585,d598f929fc44e1e38678e7f47250ec04
2586,d5b9a084373da994a6e37f732169a853
2587,d5ba419e26d246a0719437cf37d9b46d
2588,d5c530f4884a75ae0dba9c148718d278
2589,d624126b9206f595fb3fbb6ba03b28a8
2590,d63c73efd41eb002280e7ec831424edb
2591,d63f306de130e0391d38a792541723b8
2592,d650b663c3b5f6fb392b6326366efa9a
2593,d65f31d2413268e671989503f6cf9993
2594,d66c11a9572221d92fbb8c4897db5f9b
2595,d66c305afaec317ebee552073a674429
2596,d673a59aac7a70d8b01e6902bf090a11
2597,d6ab728cf30867cf3f1a2e216ae2f9b7
2598,d6b1ce66b035a475f00c017792ff9769
2599,d6b664fa0667064c6d76394e7848d790
2600,d6cd01c59123df02fc226eadbadb5f89
2601,d71d863e5ef30d94e440c11be17dcd8f
2602,d73cbd89533ce8b041a9190241453ac8
2603,d7485b33791774c36108f8c69602d48d
2604,d7827b2af99326a03b0ed9c7a24db0d3
2605,d79e8478eed9999493990b44955fb22e
2606,d7ab82074b5f1dfba46db123df101bff
2607,d7b2377bae6ace1b11fc69a11900ac36
2608,d7d517afce974cd491b8d52bb5b5b1fc
2609,d7f1cfc638473be93baedbfd02208016
2610,d85efbc8eff2b7adf524e2820569adc8
2611,d8b8f2cf9ff6ba0389072541cb42498c
2612,d8bf0fc082fd4a77fc2e5679b6c00133
2613,d8c7ba53e7e38711eaef8c2849d6d2e1
2614,d8cf3b6a2151949f930d0252b180ec42
2615,d8d9567d0bfb0bc7eb845a205ba42657
2616,d8dd176509baa37f359644d082bf7f7b
2617,d90fe2229fee1a5da999ccd0c06c1667
2618,d91fb3b7d041e83b64a00a3edfb37e4f
2619,d921b68bf747894be13a97ae52b0f386
2620,d93844a9c55ba7ce353388bcf849ea56
2621,d93919c944be9cff128f6c9cb899eacb
2622,d93b8458c6fe139d85cfa5eadbf55bd2
2623,d9442042130b7fe579d1295f9f4a248f
2624,d94a40fd42351c259927028d163af842
2625,d94ba08b99bedd6a5f6c875ecc4a6fac
2626,d97df38225e5abadaff1e72cb72b823c
2627,d98eec89afa3380e14463da2aabaea72
2628,d9a84e1403de8da0c3aa531d6d108ba6
2629,d9b00a97818674c7f8d8b1ef0e689679
2630,d9bd94811c3338dceb4181f3dbc0c73e
2631,d9c349beabc06aa6ff1c6d68b5e9e22e
2632,d9cb0052a666de5308b32f32ad5f1b1c
2633,d9cd369bffa979d1634f8e1318bf2f1b
2634,d9d43faf741ceaa8da52fdbb81d9e0e3
2635,d9e7e7778b32987280a6f2cb9a39c57d
2636,d9e8c084b68fe958861d8f2c21202e6b
2637,da03c298e3999e9d828591fc2179d109
2638,da20530872245d6cd9d2f5725613c430
2639,da2782c804606d2a5d8e1760dbb3e7ec
2640,da3fede3469bf49b7293ce3fc45b294d
2641,da4d149c0ddbac90557103ac0a0ec356
2642,da6a60cc8cc724fe51be021ff8be779c
2643,da7039f29f90ce5b4846ffc0fcc93beb
2644,da8622b14eb17ae2831f4ac5b9dab84a
2645,dace965ca58120f92f8d742a9fa1864b
2646,dadc51ef321949ec9a3ab25cd902e23d
2647,daeb5653dd96c1b11860f72209795012
2648,daf565f087a52def0fd5c5825b3661bc
2649,db1f0f7c7e5e87f40b62226f020bb297
2650,db2956745b3a8e9f3785c99f34b5d25e
2651,db4350fd57ae30082dec7acbaacc17f9
2652,db46ca7bce82b11f7e247539271fc390
2653,db6a4d4b5f1f5f98820ce6ce2619e2de
2654,db7ed69a53aa9fb1c01930ba54a88bbe
2655,dbb9b48c841a0e39e21f98e1a6b2ec3e
2656,dbbcfe2c8d026742134ac3e28ccde274
2657,dbc22125167c298ef99da25668e1011f
2658,dbc51f5e45d654ecc16cb68e6817ecea
2659,dbd66278cbfe1aa1000f90a217ca4695
2660,dbdd0ec73a4817971d962698f2fea022
2661,dbec9a0a7efeff029d4d9dce7dc4cc95
2662,dc120d932ddf9d4dfb6fd68beefda622
2663,dc317f341ab0e22f39acbd9dbf9b4a1f
2664,dc4a0fc896dc34b0d5bfec8438291c80
2665,dc50afafdfa325eadc890c7fa42a8f4e
2666,dc64d75cc406bb0697be983831430e60
2667,dc7192adf8ba09569261f4a8d576afe0
2668,dc8798cbf453b7e0f98745e396cc5616
2669,dcb7367a92f5ffb89f1e2152ed260285
2670,dcf3755cefcdc158ad0b7bdde51e871b
2671,dd264199fc8b687ad029de7de6d760e6
2672,dd2bdf855a9172734fbc3744021ae9b9
2673,dd39ad39b5d3df33037e141c72497ba6
2674,dd4d95ba2d15c071e6c695e2ef6ce169
2675,dd533b429f380718b70ad9922c294bae
2676,dd5450b022b2d00a2145a66331e1aef6
2677,dd55f1bb788714a40e7954c3be6df745
2678,dd58ee93286b0821565574c570e9e1dc
2679,dd7ddc04e1b6c2c614352b383efe2d36
2680,dd88d13bea9e4c2bf47daf224f8141e5
2681,dd8a29ce82d5c705ba932d81494600a5
2682,dd9661d3cda1e6feb237f0c4d8b26f2e
2683,dda37071807e404c5bb2a1590c66326f
2684,ddd51ae8cda92f3995a51fc0f0f3eec7
2685,dde698c6d0bd24834c586e5111c2bba7
2686,de09d00cfc265b8804c7df34075a68fa
2687,de0c78824586e9a5f5f04fd84e25df39
2688,de23c3b98a88888289c6f5cc1209054a
2689,de66a66f2dd06bb9ec37aa96987466a3
2690,de722cd6dad950a92b7d4f82673f8833
2691,de9727ca376d1be6ec121b110aa7954c
2692,deaadd805612bf94faaa9fa702516e11
2693,debe6615cd90cc0c2eac2b8988e1f628
2694,dedcab67899479e4ea5dcc4eba47f587
2695,dee656f0f566ed1aa85bd137c943f08f
2696,df0f42bc4c2142eacf0eaf2cffd0cfbb
2697,df47da4ae86fa4db890d05aaf24e21d8
2698,df560393f3a51e74553ab94004ba5c87
2699,df56d7b40d437f88407c5f78b63bc328
2700,df683dfda87bf71ac3fc63063fba369d
2701,df91910b6a03bb2e3358fa6a35e32f6f
2702,dfa0c4c6229ab200a4a1336b4d7128ff
2703,dfc475d54e1b6dbeeb7d7d9bdaa63827
2704,dfc5fb7259bb2b599ca565e6e9448f0f
2705,dff87e4de60c9736ce8df835951b09bc
2706,e00d85ce20ea50c1224c66ca5050527d
2707,e0482f2c769468c3bbcd8a01e09d98c5
2708,e0487761face83d64fcada2408959a36
2709,e067ad2c1c0b48758eb1b5228bcf7a68
2710,e06f09ec0a4aca210779cf1cfc63cf19
2711,e0878efa0e0b7e5313ac0b43bc04c081
2712,e09887ca8c7bf8a4621ce481820414ef
2713,e0a366315b1b726b6c7832d664c0f530
2714,e0a3c37054ade6478d923a6efc10f308
2715,e0b162a693bc7f9eab00f783a31d60ea
2716,e0eabded302882513ced4ea3eb0c7059
2717,e116c7455dd26a4d8c3e92532583905f
2718,e1643dff33666ca629e3644c02738179
2719,e174dc2de86d60fee178170a154c05e7
2720,e1a210d482714ce337763a19aef94ba4
2721,e1b12447a7563944843191754aeb5562
2722,e1bed63d68ac36fe1f3061befe196af5
2723,e1c76f339ebd5460999f25a2aa8c92c5
2724,e1dc0754bada9ee4cfe9713f22f61292
2725,e21a1e8be4715b0fcfd5385643bc49c4
2726,e24d3429d294b2eb200b064ebb035879
2727,e24fc9fcd865784fb25705606fe3dfe7
2728,e250d617a0ad591ba9bd663e584a895d
2729,e256a62e0ac58c0edfba09966142d561
2730,e26901d5ab434ce92fd9b5c256820a4e
2731,e2a1ac9bf33e5549a2a4f834e70df2f8
2732,e2aee0892199b1d92530e371abd825bf
2733,e2c92f9c1c7746d899d18f2e158bbff7
2734,e333046ce6517bd8bb510291d44f0130
2735,e38db885400cd35c71dfd162f2c1dbcf
2736,e3a386fc36e22064434e1fa256f6a9fa
2737,e3b4998c7a498169dc7bce44e6bb6277
2738,e3d3b3efac954a60d61be70b7e05b49b
2739,e3dd723429d1b23614b7fa85e2c7a853
2740,e3e15e2c0b9700561efac21c6be48066
2741,e3e290b38963293022cdcd6db8328103
2742,e4253cef933647000a82ff39c67b7bde
2743,e433f5fd4050e3352b5d83522b7fe24b
2744,e439f7176d763f92de325271111b2fd5
2745,e45edf75f568ed2f93f78d060e246e25
2746,e46bc031f2c5bae4ccb40bb90712e9b4
2747,e48b04bf1aa1ef711caebeb7aede6180
2748,e48cc16ab70bfa09e1401740dce0b3d7
2749,e49c26c3edfa46d227d5121a6b6e4d37
2750,e4ebd3f87bf70440014f07ddda7fbe03
2751,e4f121bf6ef8b9a1d4d3e65dd0473fab
2752,e4fc40017a6d22c46a14ac2e17f87c3e
2753,e503f22be6a4f456d9851920a5d9c670
2754,e504a4e2efaa45cbff7e268a2c58c956
2755,e51f22821f0c12a16ad5c020cdcd55e9
2756,e53d5b9b29d1218281f4a907ada18626
2757,e546117ed9cafbc40239c0c78635c584
2758,e5475dcab1e07b63d7f6e902d8f5eda8
2759,e5545d4d4473876ea78c5bcebca365c3
2760,e560e4022d8f7aebf155db95946c5c0f
2761,e5899683388855d3dabe8913bbe365de
2762,e58a5b390e28abc0b216cfb0e07d27d7
2763,e595809a6c31ec4314fd06ef198c244d
2764,e59aa562b9f8076dd550fcddf0e73491
2765,e59e489e2ea74bd409b798b5daf49de3
2766,e59e575a175fadcadf8479e191770425
2767,e5a3438891c0bfdb9394643f95273d8e
2768,e5a38146df062edaf55c38afa99e42dc
2769,e5bd51692380fd8cabb19b756b95e714
2770,e5c84227854980f1db19a58958c551d9
2771,e5cbe890e679490127e9a390b46bbd20
2772,e5d4b2b0c3bca22085f7a19a28de0c42
2773,e5def42655b7490edac5a56fe8e9e603
2774,e5e33c0d8e7e002f398f5dc4cbbb338f
2775,e5f9e61ceb5f523cc966e0f34095032f
2776,e601b04acf48b4576e73ddca9481f0dc
2777,e603cf3fec55f8697c9059638d6c8eb5
2778,e627629ba868740e287800f1a9be81c2
2779,e628d4a53c109f09ca88098338b3a3f5
2780,e62b2d6ac10570a035a30bafcf01d263
2781,e63e8bfa530fb16910dd6956e592bb81
2782,e644cbadf7eeb30d0d29f335ce7d52ec
2783,e64882b4ef12aee8d0faca4db5b681f4
2784,e64d65bc8dbec2accda90c58de5d1246
2785,e64ddbe1cbcf4f2fc3092b7c481f3f9d
2786,e6a69c4a27dfdd98ffe5aa757ad744bc
2787,e6ffc9ac6a7adc9d16a1cfc2286dd546
2788,e70053bf73d1b5863932e53a9fa47496
2789,e72b4feb7abe210c52aa667abc25a3a2
2790,e732329483fd5f27367dd997b47f598a
2791,e73bf2cea7fe4b0b4d287a7568ed1099
2792,e76ecc7e9a1a1e3c6df9d2a8261c423d
2793,e7d5b006eb624f13074497221eb37807
2794,e7df4cd29ab5abab70fb0783ddb53987
2795,e7f3bf1ecd8526eb7f3b18059e6716e5
2796,e819bcfade7b5d88a27325eb6cfd62c5
2797,e81e1f9c3e762e620f3fb60a51499e16
2798,e82de6494d91d3c4c54450f59b227a94
2799,e83c76265fc54bf41eac728805e4da77
2800,e83e93b71371817b11d78a63ff156aee
2801,e84ad2127668df3aafc6b73531a0beb8
2802,e88165a185134e13fdfc85d4fa654db8
2803,e882b2a25a10b9c057cc49695f222c19
2804,e883aa812c37a7413226856f4579fe91
2805,e88c9b79e592e370d6bd852eeefbf057
2806,e88f7a2995ba184710d339c5c4bf2e30
2807,e89c4adbe7b1d0819dbb636e16461cf1
2808,e8a85b5f3df47be0984c55fd4064dbb4
2809,e8b3a3a38279a82f0e5d006d5e5b7d2c
2810,e8b4225284fbb02d16f200513f1f395d
2811,e8dba4d70f7f2b20e775d09cae01142d
2812,e8f6dc8e6a1dcde89d20e3995c8d90b3
2813,e8ff5a6ceb895583033fc2a0f314e3c2
2814,e908c0f3646e8b60375734a350d95d71
2815,e94b64dc6979b302a5a5be1662c83bb6
2816,e9511df20ccd82658a30c37b7fb343af
2817,e96498ed8daaa3e9c23f7a62da76591c
2818,e9729944ba65dc3ce425e0c5a22ae7b2
2819,e9779976487b77c6d4ac45f75ec7afe9
2820,e9874ae10b2d60d43917b6bbfa13a599
2821,e99e927c81e3f51739c94fcdfca9f10f
2822,e9b6c33b71b67737693b4cfa68341c8d
2823,e9bc59e7b60fc3063eb2290deda4cced
2824,e9c2dc0dd4ac38448289be644ac94f42
2825,e9c6969d40e6a3d2d0f90013165c2b98
2826,e9d99831abad74458942f21e16f33f92
2827,e9e446d01bd10a97a8ffcfc4a3a20cb2
2828,ea00f977a203ff88adf7057cb7806998
2829,ea1776927851da2532aa70d6a32c095a
2830,ea3ebea5317b0efbc663ecc8ce5e9bc2
2831,ea4e9ce63a2134743b4a92777437fcdd
2832,ea566164622c6b439516ab18062c42cd
2833,ea65d8b58316a6f2362f2a9e4b3e86ad
2834,ea67327e24487bdfac5fbfa37ea124df
2835,ea6b12bf9ffe2bac34602ec631d97a47
2836,ea846a0e7ad98a741783e886d89dfa44
2837,ea8482cd71df3c1969d7b9473ff13abc
2838,eaaa46e98c9e61f6764dd1d7a2ab8b3e
2839,ead2bab70821ea148476ae9bc08548ac
2840,eae9af4811c294c56795d70e715b7337
2841,eaf6d55068dea77334e8477d3878d89e
2842,eb1bf309f4f6af9a97e9ddac3fdbeabe
2843,eb3071b9f0b0ddaa2df5ea130f09f26b
2844,eb4a59a06b3948e851a7d7a830bcbc42
2845,eb4df17aed01d918c65f0f8d650900c0
2846,eb5b6204dde3a6e03b5f1bb8479f055b
2847,eb72802c83dc7547529c9546d1a9b8ef
2848,eb9267cccc90f1b49c8d2f9887c7dd97
2849,eb9cd5b35d95206585e2185318cb5c61
2850,eba88037e1dca898cd02881f67ced679
2851,ebd1417732defaf66c50b5a800eb293e
2852,ebd2d60905fb58271facef5596b620d3
2853,ebe3dabc4955c9b0d695e7bda38bf5c3
2854,ebef8d8c92b4fd3226e5d407bbff21ac
2855,ec21206b7894c503788a684a7bc822a6
2856,ec2e006556300a79a5a91e4876ab3a56
2857,ec4608a1f76453166bb312b2968aeaf4
2858,ec5c1d94df153d473b37f880977ae58e
2859,ec80e49e69745ab6c14f984bf2149423
2860,ec8463980a4e0ea9f8517aea1ed0c419
2861,ec8879960bd2221d5c32f8e12f7da711
2862,ec933281fb017b5020d06df29c3f77e8
2863,ecccfa2bb93b34a3bf033cc5d1dcdc69
2864,ececbfcff9804a2d6b40f589df8eef2b
2865,ed4311e67debd72b8610a5347a743087
2866,ed46f1eb4a638113deb2a1137b5f22e9
2867,ed49da7cadefc454d6a67de249eab240
2868,ed4acab38528488b65a9a9c603ff024a
2869,ed859002ad59dbf8cf3602696a6c3000
2870,ed8cb7b190ceb6067227478e48cf8dde
2871,ed9eef5be0992d413d251fadba1a410d
2872,edb1ef5e36e0c8cd84eb3c9b003e486d
2873,edb58a1390adf273840030a3d6253829
2874,edb65fe661681b1c0de8bd47c8655855
2875,edc518ba25576a0188a0e8f2c3af186f
2876,edd066cd02126d7800f9b66e980e9931
2877,eddd1991bd6d9309995a480c39b95137
2878,ede0c03645598cdfc63ca8237acbe73d
2879,ede2977fbaf3738583170735ca403f6c
2880,edf3fabebcc20f7463cc9c53da932ea8
2881,edf96ef93ed595084bbcbd9224bd2894
2882,ee27a8f15b1dded4d213a468ba4eb391
2883,ee2fbacc2fc3794e656cc4d933d59ce7
2884,eeb6de78f79159600292e314a77cbd18
2885,eebb3372362aa9a46975164bed19a7e7
2886,eec3469d83e142f9a104886655338c37
2887,eed78ac17f7f795a19a709745f00cd4e
2888,ef0ace09169ac090589d85746e3e036f
2889,ef2fbc2b607d8492bcffe657a4645434
2890,ef30892870c278497523264be1be2241
2891,ef506c96320abeedfb894c34db06f478
2892,ef728fa1f17436c91ed1ccd03dcf9631
2893,ef990a83bbea832f36ebe81376335aa8
2894,ef9952469137ff190bacafe117f51537
2895,efb628aa07c8ca93d7db0d85b91a4f5a
2896,efcd8d2104f1a05d028af7bad20d974b
2897,efff9341f3f8f5237b44ff67ed36a7bf
2898,f00e21b1e91a79653163b7fd8f293ff1
2899,f00f5b35d0abcacbdd863672f4bb2c1a
2900,f021c962aaba8ef6eb527a9c2c8394d1
2901,f049a72cf58fd31b11f8919cade515e7
2902,f0563bacf40c311f1c4d3d6b67b8a7a7
2903,f0837c8d71434931d9e38e7b79234797
2904,f08a5b9dd6767129688d001acafc21e5
2905,f08c008c8a8d31417763738a1788a2a8
2906,f09b760d23495ac9a7e00d29b769007c
2907,f09e26011d833ddab11593c1a097a92a
2908,f0b47fbbc6dee9aafe415a6e33051b3f
2909,f0e103c63864d5405b958d984b6e94c9
2910,f0ec6a2adb05c62655a26dd347b8dede
2911,f0ec78809fe0bc3edb11c9fe5b97b059
2912,f114dca2828bf718548db175ebe2cfcd
2913,f1198c871e0171278b63f40d112caeec
2914,f125f3a310c2e5f822d116147de1e474
2915,f12d3c2a14729ae461b920c11fe20fdc
2916,f12ff17ad8bbf01ec5c33b17e506649b
2917,f18112da765e0971ca5d510dec322bdd
2918,f181738b150df1f37cb0bd72e705b193
2919,f19516b9ff26bfeb091b30108db4ddbd
2920,f1b854361f4e15d5851b494df66f22b2
2921,f1b93673502375d491780bb49d615dbc
2922,f1c1ac3f3efc07e659c035008e615e66
2923,f1ce5fdecd64935c28b9ff932751d0dc
2924,f1ed6bd0a9b11b581f16c851c6a5a527
2925,f1fd5ab1181f827ffad998c1a5de7d74
2926,f1fdf2d13186575751aa25876536d85c
2927,f205b1a3ca9a34e0f8a228bae6e4c7b3
2928,f214d28e8d8e3ef068748498ccc2f813
2929,f22a247b79dd22ecd91dc8e3b2a1b07c
2930,f2336e113377dd21c744d9c4fc8293a9
2931,f235413f677777a0738ff215d0184901
2932,f25e239052084705e17a982bc600ab2a
2933,f262cbc1c910c83959f849465454ddd3
2934,f266295f49a28eee21f413e0cbb0521d
2935,f26d70155c2b6326fcfa1780c8c684e4
2936,f27e33c6d29b5138fa9967bcd445b6d5
2937,f3041c2e75ec683697a6a5ea82192210
2938,f3055483058c84d75ca2a3314fb4deef
2939,f307937c1bb287c3efc2a514b94b0d1d
2940,f326006815956455b2859abd58fe7e39
2941,f3295428338a40977a03f555246a70f4
2942,f3511c85f59f8dec53d140501ee8e7a8
2943,f356c348fbc8df6a882823e21f5ce8b7
2944,f35b3c613c4f7b2275f4185d0a3c59ec
2945,f35becee938e982bd615edf8ef12bcfb
2946,f3862c2188522d89860c38a3ea8b550d
2947,f3975e8a41157005d4bcbb358678cd9b
2948,f3b80352b986ab4d1057a4b724be19d0
2949,f3c38ab652836d21de61fb8314b69182
2950,f3da5b2ff499efb8d4a6d371d175d7dd
2951,f410c8873029fcc3809b9df6d0b28914
2952,f419677537694f0462a91990df6ca44f
2953,f41ce2e25237f9092cd8e6e7516c7a2f
2954,f435898e493ba0356019a0b1cb8b55b1
2955,f43827dd686be3a4a80e00aa299990fb
2956,f44b6f775a2b390380e0e30b5c9d3eee
2957,f44bdc12aa39f5271f0b95f66cd4c289
2958,f45122a9ab94eb4f3f8953578bc0c560
2959,f457c46070d02cadd8a68551231220dd
2960,f46490624488d3ff7ce78613913a7711
2961,f4a04f7be452aa3bb31760bf00055dd0
2962,f4aba7c0bca51484c30ab7bdc34bcdd1
2963,f4c4daa86e30c7e5a553a8d518ac03a5
2964,f4ce8ca9fa7157e3b33f536ac9a4487d
2965,f4db9b37944bcb8873e6b456ee190bbf
2966,f524ad65d7e0f1daab730ef2d2e86196
2967,f52c2422904463fdd7741f99045fecb6
2968,f5403d3f50089112c4eed37928b7f622
2969,f543ba3c973276f519d89d59bd46cead
2970,f593898ec748b7a8cb81fc04edafd98a
2971,f5a590cf36251cf1162ea35bef76fe84
2972,f5b44895715ddfe3087dc414f30268f3
2973,f5b84683a9bf9e1df748cf40f601b39c
2974,f5f1f2c5f923f36ad79ea1d07185ddc9
2975,f5f2ab9bdb6b30c14c61be68c5ed37da
2976,f5f46307a4d15880ca14fab4ad9dfc9b
2977,f5fea3ffed6c2e889bab72705557c63a
2978,f6122bc84774df1b372bdb3bb88ddb9f
2979,f615fe7efbef0f4f08fd3086bc7a3e60
2980,f61c63d13f7cd800549d5acdd390ae72
2981,f626e15b7314c267e4429010866f70e9
2982,f62d7bb4a613ec758a03342d46b580b2
2983,f63d8f293af3a6454377546bd9dd19ff
2984,f650a9708fa1bab22bdd8d3a818cc415
2985,f664f98bfda2eaf266a23ff144e7a872
2986,f67efa3f0b6761102a7f8c6b7b571f5d
2987,f680f85bee2d253556ac91be391d2c82
2988,f682e0f848abafc6f41e0d4e868c66ef
2989,f7315bb81aea4ddca2d39e249a801c98
2990,f7496d659ca9fdaf323c0aae84176632
2991,f76a3b1349b6df1ee875d1f3fa4340f0
2992,f7720c4fa8e3aba4546301ab80ea1f1b
2993,f783a638e9c6af4a7d0dbfde811e7a81
2994,f789d2c4f2c2eb38fc4373e7a4b35264
2995,f7ba60f8c3f99e7ee4042fdef03b70c4
2996,f7c31656c19db6275a8acadca289f426
2997,f7ccf836d21b2fb1de37564105216cc1
2998,f7df46c1e0ec44eed5c6726478da4a17
2999,f805b96fa705ba7995a221f1749dc141
3000,f80edd2c5aaa505cc4b0a3b219abf4b8
3001,f8201cab383e484733266d1906e2fdfa
3002,f84a00e60c73a49e7e851c9bdca3a5bb
3003,f84fa566034f5e8e880a07ec624c56af
3004,f88adb15807168d3c43d71021090ce4a
3005,f8d5c7085db9a4ad2b8c1ffbeb2798c8
3006,f8db351d8c4c4c22c6835c19a46f01b0
3007,f8e2c1b59cd4225a3e4fd0d013a76b93
3008,f8f35af4634605e6693c17cc3ffff5a8
3009,f90f77ef2799a27f80d90c425ca944f7
3010,f918546be4bec7104d117789ba758b2b
3011,f9244d45189d3a3605499abddeade7d5
3012,f92d8c817434bd2d84d4e9c61322b7fa
3013,f97e2b0650c2068227e1d366140eb62f
3014,f9903dd0f812c7e771fcad47b6fff231
3015,f9a02f1922d1de564392e656d82b3fda
3016,f9bbdd976532d50b7816d285a22bd01e
3017,f9d010e39375d9c91dce3f40b73a2f84
3018,f9ec7093df3a7b346b7bcf7864069ca3
3019,f9eda05b67bef472deaddbba84aca289
3020,f9eedec3129e8cc6b6429c42d0808c5b
3021,f9f68daa2af419d38f745478bcb3da1a
3022,fa14641f57b655e933124a9ea49cd7a5
3023,fa18c782a4866d313cadab567097f8f1
3024,fa1a9dec3a9940c072684a46728bf1fc
3025,fa1c13f2614d7b5c4749cbc52fecda94
3026,fa3a0b5aabb344b9a92e3524b0202123
3027,fa40cc5b934574b62717c68f3d678b6d
3028,fa5fdc4e4bb6bd1009ad0e4ac4096562
3029,fa74b2f3287d296e9fbd2cc80f2d1cf1
3030,fa7ad8ae9bcb2c4493fdf38e96b1d74f
3031,fa8d335d68129e464e60c1826a683e96
3032,fac1a9017ade7bdc94058fc1c969f355
3033,fac35d150712afb921ec59ac5f39bb11
3034,fad44952713764836814be105382aee5
3035,fadb07c842a2aef5d5a676b85f220e71
3036,fb3cfbc8a86f5d7fbb4d36b8df63f60d
3037,fb503a924a0b9db19d83dd0ac6dbef8c
3038,fb8904a8ea99f8831b64ce27db2c1765
3039,fb89df7f89fd1b8f03fa2acca1ba7364
3040,fbc14c0cf93505ef89f64665ffa4a7b5
3041,fc0b214b59a83615fea981c6424a02ae
3042,fc38b5dceee1a730fad8853453437fbd
3043,fc4751cfe3b279c419615b9b00c1abb4
3044,fc59392d66ef99377e50356ee4f3b4e1
3045,fc5a0d7a310a7a41abf86a458585ff2b
3046,fc6295add6f51a0936407ead70c1001d
3047,fc906263ca5083d09dce42fe02247800
3048,fc908879b9ca1bd65419e54e50432d38
3049,fc99f99385ae90f66f01733856fb88c9
3050,fcb5ace8bcc92f75707dc0f01a27d269
3051,fcba71d4d5db057f43249145e4eb1e27
3052,fcdd820084f17e9982427971e4e9d47f
3053,fce62094ffe6a4009188ec44e681dfdd
3054,fcf16b7a8697e559f0123190bb30177d
3055,fd312b6bf05efac6c3772d5b52205d8a
3056,fd386aa7bed2af3c7035c65506c9b4a3
3057,fd435faa3c0422b60440ea3480d0e77c
3058,fdaaf5bfda82b7b80535610c831b8d09
3059,fdb9095204a334cd8872252ffec6f2db
3060,fde0cc9ea29c8ccfc0a2c22256a58c71
3061,fdf736c18c589ed030e058312203e1b2
3062,fe19dce63ae80346207c6c55713d1023
3063,fe1b067411b8c5066e962aa146ccee03
3064,fe1bbc5feda5c8979a8a1b3b2512d5a6
3065,fe2032dab1a61af8794248c8196565c9
3066,fe26f3ecb51a15e6d8335cd92da42562
3067,fe49ee029e61e789a1f3a5525f57ba8d
3068,fe4cd9461203cee790d36792420b310f
3069,fe701d88b67eaca109dffd464d1be9f9
3070,fe8055980a4ff7f64ed889c2b5926929
3071,fe87f472055fbcf1d7e691c00b1560dc
3072,fe9d9cf8631285d5982c6e2cf27fb114
3073,feb793c88d836c3a75efa4b5a3465d70
3074,febab0275244b9a49a623f0bd613ca2f
3075,fec6275253471ace26d209bbaa64cd0f
3076,fec6912baad85d41729669edd6b4d3b8
3077,fec8cd45395b3cb0c2b173d7739706a1
3078,fedaedd3ca31d56ab33e92035e4b361c
3079,fedf2c1386e137f296b3bbf3b635e69d
3080,ff063b022a9a0aab91bad2c9088760b7
3081,ff1e15b778c700abdd4d239b81ac466d
3082,ff1fb4c404b2efe68b03350a8dc24122
3083,ff314fa6033cc68ec451c47aee2d6ba4
3084,ff4e2d38692ce827b1a4f4b8196e680d
3085,ff4ea69c2a729e83e63c7579e4ef8170
3086,ff69aa92bb6b1bf9b8b7a51c2ed9cf8b
3087,ff82e8873fba613f2261a9acc896fd84
3088,ffa6adafb71b807dc13159e26431354c
3089,ffad1e7127fb622cb64a900751590acd
3090,ffc470761de7d0232558ba5e786e57b7
3091,ffcfefa19b08742c5d315f2791395ee5
3092,ffdd9f82b9a447f6f8d4b91554cc7dd3
3093,ffeee66ac5d5a62fe688b9d26f83f534
3094,fffd5413c0700ac820c7069d66d98c89
3095,ffff564a4f9085cd26170f4732393726
